experiment_id,result_batch_id,config_path,dataset,backbone,arm,family,split,optimizer_seed,pair_seed,n_synch,n_self,exclude_self,lr,single_view_acc_certain,single_view_acc_final,single_view_acc_hybrid,mean_exit_tick,best_val,epoch_selection,checkpoint,checkpoint_present,status,exit_code,three_clip_acc_certain,three_clip_acc_final,three_clip_acc_hybrid,three_clip_mean_exit_tick,multiclip_n_views,single_view_drift
ucf101_clip_b32_ptfz_fc__B0_linear,ucf101_clip_b32_ptfz_fc__B0_linear#synccaps_ucf101_clip_b32_ptfz_fc_B0_linear-B1_sync-B4_syncnorm.json,configs/clip/ucf101_clip_b32_ptfz_fc__B0_linear.json,ucf101,clip_b32,B0_linear,clip,seeded,42,0,2048,64,False,0.001,77.00787401574803,72.28346456692914,71.44356955380577,1.1007874015748031,80.03152916447715,best validation accuracy,synccaps_ucf101_clip_b32_ptfz_fc_B0_linear_seed42.pt,True,completed,0,,,,,,
ucf101_clip_b32_ptfz_fc__B0_linear,ucf101_clip_b32_ptfz_fc__B0_linear#synccaps_ucf101_clip_b32_ptfz_fc_B0_linear-B1_sync-B4_syncnorm.json,configs/clip/ucf101_clip_b32_ptfz_fc__B0_linear.json,ucf101,clip_b32,B0_linear,clip,seeded,1337,0,2048,64,False,0.001,76.88256977356504,72.51184834123224,72.40652975250131,1.0505529225908372,77.08880714661062,best validation accuracy,synccaps_ucf101_clip_b32_ptfz_fc_B0_linear_seed1337.pt,True,completed,0,,,,,,
ucf101_clip_b32_ptfz_fc__B0_linear,ucf101_clip_b32_ptfz_fc__B0_linear#synccaps_ucf101_clip_b32_ptfz_fc_B0_linear-B1_sync-B4_syncnorm.json,configs/clip/ucf101_clip_b32_ptfz_fc__B0_linear.json,ucf101,clip_b32,B0_linear,clip,seeded,7,0,2048,64,False,0.001,80.02092050209205,75.26150627615063,73.84937238493724,1.0193514644351465,76.88679245283019,best validation accuracy,synccaps_ucf101_clip_b32_ptfz_fc_B0_linear_seed7.pt,True,completed,0,,,,,,
ucf101_clip_b32_ptfz_fc__B1_sync,ucf101_clip_b32_ptfz_fc__B1_sync#synccaps_ucf101_clip_b32_ptfz_fc_B0_linear-B1_sync-B4_syncnorm.json,configs/clip/ucf101_clip_b32_ptfz_fc__B1_sync.json,ucf101,clip_b32,B1_sync,clip,seeded,42,0,2048,64,False,0.001,77.00787401574803,76.9028871391076,76.01049868766404,6.105511811023622,78.03468208092485,best validation accuracy,synccaps_ucf101_clip_b32_ptfz_fc_B1_sync_seed42.pt,True,completed,0,,,,,,
ucf101_clip_b32_ptfz_fc__B1_sync,ucf101_clip_b32_ptfz_fc__B1_sync#synccaps_ucf101_clip_b32_ptfz_fc_B0_linear-B1_sync-B4_syncnorm.json,configs/clip/ucf101_clip_b32_ptfz_fc__B1_sync.json,ucf101,clip_b32,B1_sync,clip,seeded,1337,0,2048,64,False,0.001,79.19957872564508,79.19957872564508,77.72511848341233,6.107951553449184,78.24487651077247,best validation accuracy,synccaps_ucf101_clip_b32_ptfz_fc_B1_sync_seed1337.pt,True,completed,0,,,,,,
ucf101_clip_b32_ptfz_fc__B1_sync,ucf101_clip_b32_ptfz_fc__B1_sync#synccaps_ucf101_clip_b32_ptfz_fc_B0_linear-B1_sync-B4_syncnorm.json,configs/clip/ucf101_clip_b32_ptfz_fc__B1_sync.json,ucf101,clip_b32,B1_sync,clip,seeded,7,0,2048,64,False,0.001,80.91004184100419,80.91004184100419,79.55020920502092,6.395397489539749,78.66876310272536,best validation accuracy,synccaps_ucf101_clip_b32_ptfz_fc_B1_sync_seed7.pt,True,completed,0,,,,,,
ucf101_clip_b32_ptfz_fc__B4_syncnorm,ucf101_clip_b32_ptfz_fc__B4_syncnorm#synccaps_ucf101_clip_b32_ptfz_fc_B0_linear-B1_sync-B4_syncnorm.json,configs/clip/ucf101_clip_b32_ptfz_fc__B4_syncnorm.json,ucf101,clip_b32,B4_syncnorm,clip,seeded,42,0,2048,64,False,0.001,81.88976377952756,81.83727034120734,81.36482939632546,6.244619422572178,82.18602207041513,best validation accuracy,synccaps_ucf101_clip_b32_ptfz_fc_B4_syncnorm_seed42.pt,True,completed,0,,,,,,
ucf101_clip_b32_ptfz_fc__B4_syncnorm,ucf101_clip_b32_ptfz_fc__B4_syncnorm#synccaps_ucf101_clip_b32_ptfz_fc_B0_linear-B1_sync-B4_syncnorm.json,configs/clip/ucf101_clip_b32_ptfz_fc__B4_syncnorm.json,ucf101,clip_b32,B4_syncnorm,clip,seeded,1337,0,2048,64,False,0.001,80.8320168509742,79.62085308056872,79.51553449183781,6.291205897840969,83.39464004203889,best validation accuracy,synccaps_ucf101_clip_b32_ptfz_fc_B4_syncnorm_seed1337.pt,True,completed,0,,,,,,
ucf101_clip_b32_ptfz_fc__B4_syncnorm,ucf101_clip_b32_ptfz_fc__B4_syncnorm#synccaps_ucf101_clip_b32_ptfz_fc_B0_linear-B1_sync-B4_syncnorm.json,configs/clip/ucf101_clip_b32_ptfz_fc__B4_syncnorm.json,ucf101,clip_b32,B4_syncnorm,clip,seeded,7,0,2048,64,False,0.001,82.94979079497908,82.00836820083683,82.42677824267783,6.061192468619247,81.28930817610063,best validation accuracy,synccaps_ucf101_clip_b32_ptfz_fc_B4_syncnorm_seed7.pt,True,completed,0,,,,,,
ucf101_clip_b32_ptfz_official1_noval_fc__B0_linear,ucf101_clip_b32_ptfz_official1_noval_fc__B0_linear#synccaps_ucf101_clip_b32_ptfz_official1_noval_fc_B0_linear-B1_sync-B4_syncnorm.json,configs/clip/ucf101_clip_b32_ptfz_official1_noval_fc__B0_linear.json,ucf101,clip_b32,B0_linear,clip,_official1_noval,42,0,2048,64,False,0.001,78.8263283108644,73.77742532381708,72.87866772402855,1.0359503039915412,0.0,final epoch (no validation set),synccaps_ucf101_clip_b32_ptfz_official1_noval_fc_B0_linear_seed42.pt,True,completed,0,80.253766851705,76.50013217023526,77.31958762886599,1.0800951625693893,3,0.0
ucf101_clip_b32_ptfz_official1_noval_fc__B0_linear,ucf101_clip_b32_ptfz_official1_noval_fc__B0_linear#synccaps_ucf101_clip_b32_ptfz_official1_noval_fc_B0_linear-B1_sync-B4_syncnorm.json,configs/clip/ucf101_clip_b32_ptfz_official1_noval_fc__B0_linear.json,ucf101,clip_b32,B0_linear,clip,_official1_noval,1337,0,2048,64,False,0.001,78.7998942638118,74.33254031192176,73.64525508855407,1.0592122653978324,0.0,final epoch (no validation set),synccaps_ucf101_clip_b32_ptfz_official1_noval_fc_B0_linear_seed1337.pt,True,completed,0,80.06872852233677,76.52656621728786,78.29764736981232,1.0898757599788527,3,0.0
ucf101_clip_b32_ptfz_official1_noval_fc__B0_linear,ucf101_clip_b32_ptfz_official1_noval_fc__B0_linear#synccaps_ucf101_clip_b32_ptfz_official1_noval_fc_B0_linear-B1_sync-B4_syncnorm.json,configs/clip/ucf101_clip_b32_ptfz_official1_noval_fc__B0_linear.json,ucf101,clip_b32,B0_linear,clip,_official1_noval,7,0,2048,64,False,0.001,78.72059212265398,73.3016124768702,72.24425059476606,1.049431667988369,0.0,final epoch (no validation set),synccaps_ucf101_clip_b32_ptfz_official1_noval_fc_B0_linear_seed7.pt,True,completed,0,79.98942638117896,76.1036214644462,77.31958762886599,1.0748083531588686,3,0.0
ucf101_clip_b32_ptfz_official1_noval_fc__B1_sync,ucf101_clip_b32_ptfz_official1_noval_fc__B1_sync#synccaps_ucf101_clip_b32_ptfz_official1_noval_fc_B0_linear-B1_sync-B4_syncnorm.json,configs/clip/ucf101_clip_b32_ptfz_official1_noval_fc__B1_sync.json,ucf101,clip_b32,B1_sync,clip,_official1_noval,42,0,2048,64,False,0.001,79.64578376949511,79.69865186360032,78.48268569918055,6.030927835051546,0.0,final epoch (no validation set),synccaps_ucf101_clip_b32_ptfz_official1_noval_fc_B1_sync_seed42.pt,True,completed,0,80.43880518107322,80.3066349458102,80.38593708696801,6.087496695744118,3,0.0
ucf101_clip_b32_ptfz_official1_noval_fc__B1_sync,ucf101_clip_b32_ptfz_official1_noval_fc__B1_sync#synccaps_ucf101_clip_b32_ptfz_official1_noval_fc_B0_linear-B1_sync-B4_syncnorm.json,configs/clip/ucf101_clip_b32_ptfz_official1_noval_fc__B1_sync.json,ucf101,clip_b32,B1_sync,clip,_official1_noval,1337,0,2048,64,False,0.001,78.98493259318002,79.32857520486387,76.87020882897173,5.937615648955855,0.0,final epoch (no validation set),synccaps_ucf101_clip_b32_ptfz_official1_noval_fc_B1_sync_seed1337.pt,True,completed,0,79.38144329896907,79.51361353423209,79.03780068728523,5.993655828707375,3,0.0
ucf101_clip_b32_ptfz_official1_noval_fc__B1_sync,ucf101_clip_b32_ptfz_official1_noval_fc__B1_sync#synccaps_ucf101_clip_b32_ptfz_official1_noval_fc_B0_linear-B1_sync-B4_syncnorm.json,configs/clip/ucf101_clip_b32_ptfz_official1_noval_fc__B1_sync.json,ucf101,clip_b32,B1_sync,clip,_official1_noval,7,0,2048,64,False,0.001,79.38144329896907,79.5929156753899,77.79540047581285,6.154374834787206,0.0,final epoch (no validation set),synccaps_ucf101_clip_b32_ptfz_official1_noval_fc_B1_sync_seed7.pt,True,completed,0,79.91012424002115,79.93655828707375,79.48717948717949,6.180015860428232,3,0.0
ucf101_clip_b32_ptfz_official1_noval_fc__B4_syncnorm,ucf101_clip_b32_ptfz_official1_noval_fc__B4_syncnorm#synccaps_ucf101_clip_b32_ptfz_official1_noval_fc_B0_linear-B1_sync-B4_syncnorm.json,configs/clip/ucf101_clip_b32_ptfz_official1_noval_fc__B4_syncnorm.json,ucf101,clip_b32,B4_syncnorm,clip,_official1_noval,42,0,2048,64,False,0.001,82.79143536875495,81.62833729844039,81.89267776896642,6.449114459423738,0.0,final epoch (no validation set),synccaps_ucf101_clip_b32_ptfz_official1_noval_fc_B4_syncnorm_seed42.pt,True,completed,0,83.87523129791171,82.13058419243985,83.66375892149088,6.650277557494053,3,0.0
ucf101_clip_b32_ptfz_official1_noval_fc__B4_syncnorm,ucf101_clip_b32_ptfz_official1_noval_fc__B4_syncnorm#synccaps_ucf101_clip_b32_ptfz_official1_noval_fc_B0_linear-B1_sync-B4_syncnorm.json,configs/clip/ucf101_clip_b32_ptfz_official1_noval_fc__B4_syncnorm.json,ucf101,clip_b32,B4_syncnorm,clip,_official1_noval,1337,0,2048,64,False,0.001,82.71213322759714,81.78694158075601,81.86624372191382,6.429288924134285,0.0,final epoch (no validation set),synccaps_ucf101_clip_b32_ptfz_official1_noval_fc_B4_syncnorm_seed1337.pt,True,completed,0,83.7694951097013,82.60639703938672,83.61089082738567,6.665873645255089,3,0.0
ucf101_clip_b32_ptfz_official1_noval_fc__B4_syncnorm,ucf101_clip_b32_ptfz_official1_noval_fc__B4_syncnorm#synccaps_ucf101_clip_b32_ptfz_official1_noval_fc_B0_linear-B1_sync-B4_syncnorm.json,configs/clip/ucf101_clip_b32_ptfz_official1_noval_fc__B4_syncnorm.json,ucf101,clip_b32,B4_syncnorm,clip,_official1_noval,7,0,2048,64,False,0.001,82.4477927570711,81.20539254559873,81.7076394395982,6.35553793285752,0.0,final epoch (no validation set),synccaps_ucf101_clip_b32_ptfz_official1_noval_fc_B4_syncnorm_seed7.pt,True,completed,0,83.37298440391224,81.89267776896642,83.26724821570183,6.540311921755221,3,0.0
ucf101_clip_b32_ptfz_official1_noval_fc__B4_gram,ucf101_clip_b32_ptfz_official1_noval_fc__B4_gram#synccaps_ucf101_clip_b32_ptfz_official1_noval_fc_B4_gram-CB_tsketch-LR_bilinear.json,configs/clip/ucf101_clip_b32_ptfz_official1_noval_fc__B4_gram.json,ucf101,clip_b32,B4_gram,clip,_official1_noval,42,0,2048,64,False,0.001,82.39492466296589,83.18794607454402,81.99841395717684,6.346814697330161,0.0,final epoch (no validation set),synccaps_ucf101_clip_b32_ptfz_official1_noval_fc_B4_gram_seed42.pt,True,completed,0,,,,,,
ucf101_clip_b32_ptfz_official1_noval_fc__B4_gram,ucf101_clip_b32_ptfz_official1_noval_fc__B4_gram#synccaps_ucf101_clip_b32_ptfz_official1_noval_fc_B4_gram-CB_tsketch-LR_bilinear.json,configs/clip/ucf101_clip_b32_ptfz_official1_noval_fc__B4_gram.json,ucf101,clip_b32,B4_gram,clip,_official1_noval,1337,0,2048,64,False,0.001,82.73856727464974,83.63732487443828,81.78694158075601,6.2355273592386995,0.0,final epoch (no validation set),synccaps_ucf101_clip_b32_ptfz_official1_noval_fc_B4_gram_seed1337.pt,True,completed,0,,,,,,
ucf101_clip_b32_ptfz_official1_noval_fc__B4_gram,ucf101_clip_b32_ptfz_official1_noval_fc__B4_gram#synccaps_ucf101_clip_b32_ptfz_official1_noval_fc_B4_gram-CB_tsketch-LR_bilinear.json,configs/clip/ucf101_clip_b32_ptfz_official1_noval_fc__B4_gram.json,ucf101,clip_b32,B4_gram,clip,_official1_noval,7,0,2048,64,False,0.001,82.07771609833465,82.87073750991277,81.7076394395982,6.311657414750198,0.0,final epoch (no validation set),synccaps_ucf101_clip_b32_ptfz_official1_noval_fc_B4_gram_seed7.pt,True,completed,0,,,,,,
ucf101_clip_b32_ptfz_official1_noval_fc__CB_tsketch,ucf101_clip_b32_ptfz_official1_noval_fc__CB_tsketch#synccaps_ucf101_clip_b32_ptfz_official1_noval_fc_B4_gram-CB_tsketch-LR_bilinear.json,configs/clip/ucf101_clip_b32_ptfz_official1_noval_fc__CB_tsketch.json,ucf101,clip_b32,CB_tsketch,clip,_official1_noval,42,0,2048,64,False,0.001,82.4477927570711,83.39941845096484,81.81337562780861,5.869151467089611,0.0,final epoch (no validation set),synccaps_ucf101_clip_b32_ptfz_official1_noval_fc_CB_tsketch_seed42.pt,True,completed,0,,,,,,
ucf101_clip_b32_ptfz_official1_noval_fc__CB_tsketch,ucf101_clip_b32_ptfz_official1_noval_fc__CB_tsketch#synccaps_ucf101_clip_b32_ptfz_official1_noval_fc_B4_gram-CB_tsketch-LR_bilinear.json,configs/clip/ucf101_clip_b32_ptfz_official1_noval_fc__CB_tsketch.json,ucf101,clip_b32,CB_tsketch,clip,_official1_noval,1337,0,2048,64,False,0.001,82.5006608511763,83.0822098863336,81.65477134549299,5.871266190853819,0.0,final epoch (no validation set),synccaps_ucf101_clip_b32_ptfz_official1_noval_fc_CB_tsketch_seed1337.pt,True,completed,0,,,,,,
ucf101_clip_b32_ptfz_official1_noval_fc__CB_tsketch,ucf101_clip_b32_ptfz_official1_noval_fc__CB_tsketch#synccaps_ucf101_clip_b32_ptfz_official1_noval_fc_B4_gram-CB_tsketch-LR_bilinear.json,configs/clip/ucf101_clip_b32_ptfz_official1_noval_fc__CB_tsketch.json,ucf101,clip_b32,CB_tsketch,clip,_official1_noval,7,0,2048,64,False,0.001,82.13058419243985,82.57996299233412,81.60190325138778,5.758392809939202,0.0,final epoch (no validation set),synccaps_ucf101_clip_b32_ptfz_official1_noval_fc_CB_tsketch_seed7.pt,True,completed,0,,,,,,
ucf101_clip_b32_ptfz_official1_noval_fc__LR_bilinear,ucf101_clip_b32_ptfz_official1_noval_fc__LR_bilinear#synccaps_ucf101_clip_b32_ptfz_official1_noval_fc_B4_gram-CB_tsketch-LR_bilinear.json,configs/clip/ucf101_clip_b32_ptfz_official1_noval_fc__LR_bilinear.json,ucf101,clip_b32,LR_bilinear,clip,_official1_noval,42,0,2048,64,False,0.001,73.48665080623844,74.12106793550093,71.31905894792493,4.411049431667989,0.0,final epoch (no validation set),synccaps_ucf101_clip_b32_ptfz_official1_noval_fc_LR_bilinear_seed42.pt,True,completed,0,,,,,,
ucf101_clip_b32_ptfz_official1_noval_fc__LR_bilinear,ucf101_clip_b32_ptfz_official1_noval_fc__LR_bilinear#synccaps_ucf101_clip_b32_ptfz_official1_noval_fc_B4_gram-CB_tsketch-LR_bilinear.json,configs/clip/ucf101_clip_b32_ptfz_official1_noval_fc__LR_bilinear.json,ucf101,clip_b32,LR_bilinear,clip,_official1_noval,1337,0,2048,64,False,0.001,75.83928099392017,76.87020882897173,74.38540840602697,4.904573090140101,0.0,final epoch (no validation set),synccaps_ucf101_clip_b32_ptfz_official1_noval_fc_LR_bilinear_seed1337.pt,True,completed,0,,,,,,
ucf101_clip_b32_ptfz_official1_noval_fc__LR_bilinear,ucf101_clip_b32_ptfz_official1_noval_fc__LR_bilinear#synccaps_ucf101_clip_b32_ptfz_official1_noval_fc_B4_gram-CB_tsketch-LR_bilinear.json,configs/clip/ucf101_clip_b32_ptfz_official1_noval_fc__LR_bilinear.json,ucf101,clip_b32,LR_bilinear,clip,_official1_noval,7,0,2048,64,False,0.001,75.81284694686757,76.15648955855141,74.86122125297383,4.988104678826328,0.0,final epoch (no validation set),synccaps_ucf101_clip_b32_ptfz_official1_noval_fc_LR_bilinear_seed7.pt,True,completed,0,,,,,,
ucf101_clip_b32_ptfz_official1_noval_fc__B4_gram,ucf101_clip_b32_ptfz_official1_noval_fc__B4_gram#synccaps_ucf101_clip_b32_ptfz_official1_noval_fc_B4_gram-CB_tsketch.json,configs/clip/ucf101_clip_b32_ptfz_official1_noval_fc__B4_gram.json,ucf101,clip_b32,B4_gram,clip,_official1_noval,19,0,2048,64,False,0.001,82.81786941580756,84.08670367433254,82.63283108643932,6.217552207242929,0.0,final epoch (no validation set),synccaps_ucf101_clip_b32_ptfz_official1_noval_fc_B4_gram_seed19.pt,True,completed,0,,,,,,
ucf101_clip_b32_ptfz_official1_noval_fc__B4_gram,ucf101_clip_b32_ptfz_official1_noval_fc__B4_gram#synccaps_ucf101_clip_b32_ptfz_official1_noval_fc_B4_gram-CB_tsketch.json,configs/clip/ucf101_clip_b32_ptfz_official1_noval_fc__B4_gram.json,ucf101,clip_b32,B4_gram,clip,_official1_noval,101,0,2048,64,False,0.001,82.4477927570711,82.89717155696538,81.7340734866508,6.320380650277557,0.0,final epoch (no validation set),synccaps_ucf101_clip_b32_ptfz_official1_noval_fc_B4_gram_seed101.pt,True,completed,0,,,,,,
ucf101_clip_b32_ptfz_official1_noval_fc__B4_gram,ucf101_clip_b32_ptfz_official1_noval_fc__B4_gram#synccaps_ucf101_clip_b32_ptfz_official1_noval_fc_B4_gram-CB_tsketch.json,configs/clip/ucf101_clip_b32_ptfz_official1_noval_fc__B4_gram.json,ucf101,clip_b32,B4_gram,clip,_official1_noval,2026,0,2048,64,False,0.001,82.5006608511763,82.95003965107058,81.78694158075601,6.237642083002908,0.0,final epoch (no validation set),synccaps_ucf101_clip_b32_ptfz_official1_noval_fc_B4_gram_seed2026.pt,True,completed,0,,,,,,
ucf101_clip_b32_ptfz_official1_noval_fc__CB_tsketch,ucf101_clip_b32_ptfz_official1_noval_fc__CB_tsketch#synccaps_ucf101_clip_b32_ptfz_official1_noval_fc_B4_gram-CB_tsketch.json,configs/clip/ucf101_clip_b32_ptfz_official1_noval_fc__CB_tsketch.json,ucf101,clip_b32,CB_tsketch,clip,_official1_noval,19,0,2048,64,False,0.001,82.87073750991277,82.92360560401798,82.36849061591329,5.922548242135871,0.0,final epoch (no validation set),synccaps_ucf101_clip_b32_ptfz_official1_noval_fc_CB_tsketch_seed19.pt,True,completed,0,,,,,,
ucf101_clip_b32_ptfz_official1_noval_fc__CB_tsketch,ucf101_clip_b32_ptfz_official1_noval_fc__CB_tsketch#synccaps_ucf101_clip_b32_ptfz_official1_noval_fc_B4_gram-CB_tsketch.json,configs/clip/ucf101_clip_b32_ptfz_official1_noval_fc__CB_tsketch.json,ucf101,clip_b32,CB_tsketch,clip,_official1_noval,101,0,2048,64,False,0.001,82.65926513349193,83.18794607454402,81.46973301612476,5.987840338355802,0.0,final epoch (no validation set),synccaps_ucf101_clip_b32_ptfz_official1_noval_fc_CB_tsketch_seed101.pt,True,completed,0,,,,,,
ucf101_clip_b32_ptfz_official1_noval_fc__CB_tsketch,ucf101_clip_b32_ptfz_official1_noval_fc__CB_tsketch#synccaps_ucf101_clip_b32_ptfz_official1_noval_fc_B4_gram-CB_tsketch.json,configs/clip/ucf101_clip_b32_ptfz_official1_noval_fc__CB_tsketch.json,ucf101,clip_b32,CB_tsketch,clip,_official1_noval,2026,0,2048,64,False,0.001,82.07771609833465,82.52709489822891,81.39043087496695,5.891091726143273,0.0,final epoch (no validation set),synccaps_ucf101_clip_b32_ptfz_official1_noval_fc_CB_tsketch_seed2026.pt,True,completed,0,,,,,,
ucf101_clip_b32_ptfz_official1_noval_fc__R3_route,ucf101_clip_b32_ptfz_official1_noval_fc__R3_route#synccaps_ucf101_clip_b32_ptfz_official1_noval_fc_R3_route.json,configs/routing/ucf101_clip_b32_ptfz_official1_noval_fc__R3_route.json,ucf101,clip_b32,R3_route,routing,_official1_noval,42,0,2048,64,False,0.001,84.82685699180544,84.87972508591065,83.7959291567539,13.945545863071636,0.0,final epoch (no validation set),synccaps_ucf101_clip_b32_ptfz_official1_noval_fc_R3_route_seed42.pt,True,completed,0,,,,,,
ucf101_clip_b32_ptfz_official1_noval_fc__R3_route,ucf101_clip_b32_ptfz_official1_noval_fc__R3_route#synccaps_ucf101_clip_b32_ptfz_official1_noval_fc_R3_route.json,configs/routing/ucf101_clip_b32_ptfz_official1_noval_fc__R3_route.json,ucf101,clip_b32,R3_route,routing,_official1_noval,1337,0,2048,64,False,0.001,84.32461009780597,84.32461009780597,83.47872059212266,13.96061326989162,0.0,final epoch (no validation set),synccaps_ucf101_clip_b32_ptfz_official1_noval_fc_R3_route_seed1337.pt,True,completed,0,,,,,,
ucf101_clip_b32_ptfz_official1_noval_fc__R3_route,ucf101_clip_b32_ptfz_official1_noval_fc__R3_route#synccaps_ucf101_clip_b32_ptfz_official1_noval_fc_R3_route.json,configs/routing/ucf101_clip_b32_ptfz_official1_noval_fc__R3_route.json,ucf101,clip_b32,R3_route,routing,_official1_noval,7,0,2048,64,False,0.001,84.4832143801216,84.5096484271742,83.69019296854349,13.974358974358974,0.0,final epoch (no validation set),synccaps_ucf101_clip_b32_ptfz_official1_noval_fc_R3_route_seed7.pt,True,completed,0,,,,,,
ucf101_clip_b32_ptfz_official1_noval_fc_lr0.0005__B4_syncnorm,ucf101_clip_b32_ptfz_official1_noval_fc_lr0.0005__B4_syncnorm#synccaps_ucf101_clip_b32_ptfz_official1_noval_fc_lr0.0005_B4_syncnorm-CB_tsketch.json,configs/clip/ucf101_clip_b32_ptfz_official1_noval_fc_lr0.0005__B4_syncnorm.json,ucf101,clip_b32,B4_syncnorm,clip,_official1_noval,42,0,2048,64,False,0.0005,83.58445678033307,83.32011630980703,82.92360560401798,6.420037007665874,0.0,final epoch (no validation set),synccaps_ucf101_clip_b32_ptfz_official1_noval_fc_lr0.0005_B4_syncnorm_seed42.pt,True,completed,0,,,,,,
ucf101_clip_b32_ptfz_official1_noval_fc_lr0.0005__B4_syncnorm,ucf101_clip_b32_ptfz_official1_noval_fc_lr0.0005__B4_syncnorm#synccaps_ucf101_clip_b32_ptfz_official1_noval_fc_lr0.0005_B4_syncnorm-CB_tsketch.json,configs/clip/ucf101_clip_b32_ptfz_official1_noval_fc_lr0.0005__B4_syncnorm.json,ucf101,clip_b32,B4_syncnorm,clip,_official1_noval,1337,0,2048,64,False,0.0005,83.13507798043881,82.57996299233412,82.23632038065027,6.4890298704731695,0.0,final epoch (no validation set),synccaps_ucf101_clip_b32_ptfz_official1_noval_fc_lr0.0005_B4_syncnorm_seed1337.pt,True,completed,0,,,,,,
ucf101_clip_b32_ptfz_official1_noval_fc_lr0.0005__B4_syncnorm,ucf101_clip_b32_ptfz_official1_noval_fc_lr0.0005__B4_syncnorm#synccaps_ucf101_clip_b32_ptfz_official1_noval_fc_lr0.0005_B4_syncnorm-CB_tsketch.json,configs/clip/ucf101_clip_b32_ptfz_official1_noval_fc_lr0.0005__B4_syncnorm.json,ucf101,clip_b32,B4_syncnorm,clip,_official1_noval,7,0,2048,64,False,0.0005,82.71213322759714,82.52709489822891,81.99841395717684,6.374570446735395,0.0,final epoch (no validation set),synccaps_ucf101_clip_b32_ptfz_official1_noval_fc_lr0.0005_B4_syncnorm_seed7.pt,True,completed,0,,,,,,
ucf101_clip_b32_ptfz_official1_noval_fc_lr0.0005__CB_tsketch,ucf101_clip_b32_ptfz_official1_noval_fc_lr0.0005__CB_tsketch#synccaps_ucf101_clip_b32_ptfz_official1_noval_fc_lr0.0005_B4_syncnorm-CB_tsketch.json,configs/clip/ucf101_clip_b32_ptfz_official1_noval_fc_lr0.0005__CB_tsketch.json,ucf101,clip_b32,CB_tsketch,clip,_official1_noval,42,0,2048,64,False,0.0005,83.32011630980703,83.87523129791171,82.63283108643932,6.024319323288395,0.0,final epoch (no validation set),synccaps_ucf101_clip_b32_ptfz_official1_noval_fc_lr0.0005_CB_tsketch_seed42.pt,True,completed,0,,,,,,
ucf101_clip_b32_ptfz_official1_noval_fc_lr0.0005__CB_tsketch,ucf101_clip_b32_ptfz_official1_noval_fc_lr0.0005__CB_tsketch#synccaps_ucf101_clip_b32_ptfz_official1_noval_fc_lr0.0005_B4_syncnorm-CB_tsketch.json,configs/clip/ucf101_clip_b32_ptfz_official1_noval_fc_lr0.0005__CB_tsketch.json,ucf101,clip_b32,CB_tsketch,clip,_official1_noval,1337,0,2048,64,False,0.0005,83.34655035685964,83.7959291567539,82.15701823949246,5.9891620407084325,0.0,final epoch (no validation set),synccaps_ucf101_clip_b32_ptfz_official1_noval_fc_lr0.0005_CB_tsketch_seed1337.pt,True,completed,0,,,,,,
ucf101_clip_b32_ptfz_official1_noval_fc_lr0.0005__CB_tsketch,ucf101_clip_b32_ptfz_official1_noval_fc_lr0.0005__CB_tsketch#synccaps_ucf101_clip_b32_ptfz_official1_noval_fc_lr0.0005_B4_syncnorm-CB_tsketch.json,configs/clip/ucf101_clip_b32_ptfz_official1_noval_fc_lr0.0005__CB_tsketch.json,ucf101,clip_b32,CB_tsketch,clip,_official1_noval,7,0,2048,64,False,0.0005,83.39941845096484,83.8487972508591,82.28918847475548,5.95664816283373,0.0,final epoch (no validation set),synccaps_ucf101_clip_b32_ptfz_official1_noval_fc_lr0.0005_CB_tsketch_seed7.pt,True,completed,0,,,,,,
ucf101_clip_b32_ptfz_official1_noval_fc_lr0.0005__R3_route,ucf101_clip_b32_ptfz_official1_noval_fc_lr0.0005__R3_route#synccaps_ucf101_clip_b32_ptfz_official1_noval_fc_lr0.0005_R3_route.json,configs/routing/ucf101_clip_b32_ptfz_official1_noval_fc_lr0.0005__R3_route.json,ucf101,clip_b32,R3_route,routing,_official1_noval,42,0,2048,64,False,0.0005,84.69468675654242,84.74755485064763,83.7959291567539,13.969600845889506,0.0,final epoch (no validation set),synccaps_ucf101_clip_b32_ptfz_official1_noval_fc_lr0.0005_R3_route_seed42.pt,True,completed,0,,,,,,
ucf101_clip_b32_ptfz_official1_noval_fc_lr0.0005__R3_route,ucf101_clip_b32_ptfz_official1_noval_fc_lr0.0005__R3_route#synccaps_ucf101_clip_b32_ptfz_official1_noval_fc_lr0.0005_R3_route.json,configs/routing/ucf101_clip_b32_ptfz_official1_noval_fc_lr0.0005__R3_route.json,ucf101,clip_b32,R3_route,routing,_official1_noval,1337,0,2048,64,False,0.0005,84.35104414485858,84.35104414485858,83.55802273328047,13.96669310071372,0.0,final epoch (no validation set),synccaps_ucf101_clip_b32_ptfz_official1_noval_fc_lr0.0005_R3_route_seed1337.pt,True,completed,0,,,,,,
ucf101_clip_b32_ptfz_official1_noval_fc_lr0.0005__R3_route,ucf101_clip_b32_ptfz_official1_noval_fc_lr0.0005__R3_route#synccaps_ucf101_clip_b32_ptfz_official1_noval_fc_lr0.0005_R3_route.json,configs/routing/ucf101_clip_b32_ptfz_official1_noval_fc_lr0.0005__R3_route.json,ucf101,clip_b32,R3_route,routing,_official1_noval,7,0,2048,64,False,0.0005,84.5096484271742,84.5360824742268,83.7694951097013,13.9746233148295,0.0,final epoch (no validation set),synccaps_ucf101_clip_b32_ptfz_official1_noval_fc_lr0.0005_R3_route_seed7.pt,True,completed,0,,,,,,
ucf101_r18_full_ptfz_official1_noval_fc__B0_linear,ucf101_r18_full_ptfz_official1_noval_fc__B0_linear#synccaps_ucf101_r18_full_ptfz_official1_noval_fc_B0_linear-B1_sync-B4_syncnorm.json,configs/resnet18/ucf101_r18_full_ptfz_official1_noval_fc__B0_linear.json,ucf101,r18_full,B0_linear,resnet18,_official1_noval,42,0,2048,64,False,0.001,68.51704996034893,62.17287866772403,61.03621464446207,1.0748083531588686,0.0,final epoch (no validation set),synccaps_ucf101_r18_full_ptfz_official1_noval_fc_B0_linear_seed42.pt,True,completed,0,70.28813111287337,66.87813904308749,67.40681998413957,1.1636267512556173,3,0.0
ucf101_r18_full_ptfz_official1_noval_fc__B0_linear,ucf101_r18_full_ptfz_official1_noval_fc__B0_linear#synccaps_ucf101_r18_full_ptfz_official1_noval_fc_B0_linear-B1_sync-B4_syncnorm.json,configs/resnet18/ucf101_r18_full_ptfz_official1_noval_fc__B0_linear.json,ucf101,r18_full,B0_linear,resnet18,_official1_noval,1337,0,2048,64,False,0.001,69.7330161247687,62.6751255617235,61.67063177372456,1.0956912503304257,0.0,final epoch (no validation set),synccaps_ucf101_r18_full_ptfz_official1_noval_fc_B0_linear_seed1337.pt,True,completed,0,71.37192704203014,66.71953476077186,68.09410520750727,1.18345228654507,3,0.0
ucf101_r18_full_ptfz_official1_noval_fc__B0_linear,ucf101_r18_full_ptfz_official1_noval_fc__B0_linear#synccaps_ucf101_r18_full_ptfz_official1_noval_fc_B0_linear-B1_sync-B4_syncnorm.json,configs/resnet18/ucf101_r18_full_ptfz_official1_noval_fc__B0_linear.json,ucf101,r18_full,B0_linear,resnet18,_official1_noval,7,0,2048,64,False,0.001,69.41580756013745,63.25667459688078,62.516521279407876,1.0859106529209621,0.0,final epoch (no validation set),synccaps_ucf101_r18_full_ptfz_official1_noval_fc_B0_linear_seed7.pt,True,completed,0,71.60983346550357,66.90457309014009,68.96642876024319,1.1382500660851176,3,0.0
ucf101_r18_full_ptfz_official1_noval_fc__B1_sync,ucf101_r18_full_ptfz_official1_noval_fc__B1_sync#synccaps_ucf101_r18_full_ptfz_official1_noval_fc_B0_linear-B1_sync-B4_syncnorm.json,configs/resnet18/ucf101_r18_full_ptfz_official1_noval_fc__B1_sync.json,ucf101,r18_full,B1_sync,resnet18,_official1_noval,42,0,2048,64,False,0.001,71.00185038329369,71.1075865715041,69.41580756013745,6.878139043087497,0.0,final epoch (no validation set),synccaps_ucf101_r18_full_ptfz_official1_noval_fc_B1_sync_seed42.pt,True,completed,0,71.90060798308221,71.90060798308221,71.42479513613534,6.934972244250595,3,0.0
ucf101_r18_full_ptfz_official1_noval_fc__B1_sync,ucf101_r18_full_ptfz_official1_noval_fc__B1_sync#synccaps_ucf101_r18_full_ptfz_official1_noval_fc_B0_linear-B1_sync-B4_syncnorm.json,configs/resnet18/ucf101_r18_full_ptfz_official1_noval_fc__B1_sync.json,ucf101,r18_full,B1_sync,resnet18,_official1_noval,1337,0,2048,64,False,0.001,72.29711868887127,72.13851440655564,69.99735659529473,6.874966957441184,0.0,final epoch (no validation set),synccaps_ucf101_r18_full_ptfz_official1_noval_fc_B1_sync_seed1337.pt,True,completed,0,72.5350251123447,72.32355273592387,71.97991012424002,6.994448850118953,3,0.0
ucf101_r18_full_ptfz_official1_noval_fc__B1_sync,ucf101_r18_full_ptfz_official1_noval_fc__B1_sync#synccaps_ucf101_r18_full_ptfz_official1_noval_fc_B0_linear-B1_sync-B4_syncnorm.json,configs/resnet18/ucf101_r18_full_ptfz_official1_noval_fc__B1_sync.json,ucf101,r18_full,B1_sync,resnet18,_official1_noval,7,0,2048,64,False,0.001,70.92254824213587,70.89611419508327,69.7330161247687,6.785091197462331,0.0,final epoch (no validation set),synccaps_ucf101_r18_full_ptfz_official1_noval_fc_B1_sync_seed7.pt,True,completed,0,72.27068464181866,72.11208035950304,71.68913560666138,6.9093312186095694,3,0.0
ucf101_r18_full_ptfz_official1_noval_fc__B4_syncnorm,ucf101_r18_full_ptfz_official1_noval_fc__B4_syncnorm#synccaps_ucf101_r18_full_ptfz_official1_noval_fc_B0_linear-B1_sync-B4_syncnorm.json,configs/resnet18/ucf101_r18_full_ptfz_official1_noval_fc__B4_syncnorm.json,ucf101,r18_full,B4_syncnorm,resnet18,_official1_noval,42,0,2048,64,False,0.001,71.26619085381972,68.93999471319059,70.71107586571505,8.622521808088818,0.0,final epoch (no validation set),synccaps_ucf101_r18_full_ptfz_official1_noval_fc_B4_syncnorm_seed42.pt,True,completed,0,72.37642083002908,70.3409992069786,72.5614591593973,9.256145915939731,3,0.0
ucf101_r18_full_ptfz_official1_noval_fc__B4_syncnorm,ucf101_r18_full_ptfz_official1_noval_fc__B4_syncnorm#synccaps_ucf101_r18_full_ptfz_official1_noval_fc_B0_linear-B1_sync-B4_syncnorm.json,configs/resnet18/ucf101_r18_full_ptfz_official1_noval_fc__B4_syncnorm.json,ucf101,r18_full,B4_syncnorm,resnet18,_official1_noval,1337,0,2048,64,False,0.001,71.31905894792493,68.51704996034893,71.1340206185567,8.57705524715834,0.0,final epoch (no validation set),synccaps_ucf101_r18_full_ptfz_official1_noval_fc_B4_syncnorm_seed1337.pt,True,completed,0,72.66719534760772,70.68464181866244,73.01083795929156,9.264076130055512,3,0.0
ucf101_r18_full_ptfz_official1_noval_fc__B4_syncnorm,ucf101_r18_full_ptfz_official1_noval_fc__B4_syncnorm#synccaps_ucf101_r18_full_ptfz_official1_noval_fc_B0_linear-B1_sync-B4_syncnorm.json,configs/resnet18/ucf101_r18_full_ptfz_official1_noval_fc__B4_syncnorm.json,ucf101,r18_full,B4_syncnorm,resnet18,_official1_noval,7,0,2048,64,False,0.001,71.76843774781919,69.28363732487443,71.37192704203014,8.618556701030927,0.0,final epoch (no validation set),synccaps_ucf101_r18_full_ptfz_official1_noval_fc_B4_syncnorm_seed7.pt,True,completed,0,72.98440391223896,71.26619085381972,73.69812318265927,9.25218080888184,3,0.0
ucf101_r50_full_ptfz_official1_noval_fc__B0_linear,ucf101_r50_full_ptfz_official1_noval_fc__B0_linear#synccaps_ucf101_r50_full_ptfz_official1_noval_fc_B0_linear-B1_sync-B4_syncnorm.json,configs/resnet18/ucf101_r50_full_ptfz_official1_noval_fc__B0_linear.json,ucf101,r50_full,B0_linear,resnet18,_official1_noval,42,0,2048,64,False,0.001,72.48215701823949,66.79883690192968,66.32302405498281,1.0621200105736188,0.0,final epoch (no validation set),synccaps_ucf101_r50_full_ptfz_official1_noval_fc_B0_linear_seed42.pt,True,completed,0,74.20037007665874,70.92254824213587,72.21781654771345,1.0946338884483215,3,0.0
ucf101_r50_full_ptfz_official1_noval_fc__B0_linear,ucf101_r50_full_ptfz_official1_noval_fc__B0_linear#synccaps_ucf101_r50_full_ptfz_official1_noval_fc_B0_linear-B1_sync-B4_syncnorm.json,configs/resnet18/ucf101_r50_full_ptfz_official1_noval_fc__B0_linear.json,ucf101,r50_full,B0_linear,resnet18,_official1_noval,1337,0,2048,64,False,0.001,73.43378271213322,66.37589214908802,66.34945810203541,1.056568860692572,0.0,final epoch (no validation set),synccaps_ucf101_r50_full_ptfz_official1_noval_fc_B0_linear_seed1337.pt,True,completed,0,74.86122125297383,70.31456515992599,72.19138250066085,1.0964842717420038,3,0.0
ucf101_r50_full_ptfz_official1_noval_fc__B0_linear,ucf101_r50_full_ptfz_official1_noval_fc__B0_linear#synccaps_ucf101_r50_full_ptfz_official1_noval_fc_B0_linear-B1_sync-B4_syncnorm.json,configs/resnet18/ucf101_r50_full_ptfz_official1_noval_fc__B0_linear.json,ucf101,r50_full,B0_linear,resnet18,_official1_noval,7,0,2048,64,False,0.001,74.06819984139572,67.14247951361352,65.39783240814168,1.0401797515199578,0.0,final epoch (no validation set),synccaps_ucf101_r50_full_ptfz_official1_noval_fc_B0_linear_seed7.pt,True,completed,0,75.2841660058155,71.29262490087233,72.21781654771345,1.1279407877346022,3,0.0
ucf101_r50_full_ptfz_official1_noval_fc__B1_sync,ucf101_r50_full_ptfz_official1_noval_fc__B1_sync#synccaps_ucf101_r50_full_ptfz_official1_noval_fc_B0_linear-B1_sync-B4_syncnorm.json,configs/resnet18/ucf101_r50_full_ptfz_official1_noval_fc__B1_sync.json,ucf101,r50_full,B1_sync,resnet18,_official1_noval,42,0,2048,64,False,0.001,72.85223367697594,72.61432725350251,71.23975680676712,6.275971451229183,0.0,final epoch (no validation set),synccaps_ucf101_r50_full_ptfz_official1_noval_fc_B1_sync_seed42.pt,True,completed,0,73.67168913560667,73.46021675918584,73.3016124768702,6.324610097805974,3,0.0
ucf101_r50_full_ptfz_official1_noval_fc__B1_sync,ucf101_r50_full_ptfz_official1_noval_fc__B1_sync#synccaps_ucf101_r50_full_ptfz_official1_noval_fc_B0_linear-B1_sync-B4_syncnorm.json,configs/resnet18/ucf101_r50_full_ptfz_official1_noval_fc__B1_sync.json,ucf101,r50_full,B1_sync,resnet18,_official1_noval,1337,0,2048,64,False,0.001,71.90060798308221,71.92704203013481,70.20882897171556,6.008987575997885,0.0,final epoch (no validation set),synccaps_ucf101_r50_full_ptfz_official1_noval_fc_B1_sync_seed1337.pt,True,completed,0,73.32804652392281,73.19587628865979,72.87866772402855,6.109172614327253,3,0.0
ucf101_r50_full_ptfz_official1_noval_fc__B1_sync,ucf101_r50_full_ptfz_official1_noval_fc__B1_sync#synccaps_ucf101_r50_full_ptfz_official1_noval_fc_B0_linear-B1_sync-B4_syncnorm.json,configs/resnet18/ucf101_r50_full_ptfz_official1_noval_fc__B1_sync.json,ucf101,r50_full,B1_sync,resnet18,_official1_noval,7,0,2048,64,False,0.001,72.90510177108115,72.61432725350251,71.39836108908274,6.094105207507269,0.0,final epoch (no validation set),synccaps_ucf101_r50_full_ptfz_official1_noval_fc_B1_sync_seed7.pt,True,completed,0,73.48665080623844,73.40734866508062,73.53951890034365,6.15543219666931,3,0.0
ucf101_r50_full_ptfz_official1_noval_fc__B4_syncnorm,ucf101_r50_full_ptfz_official1_noval_fc__B4_syncnorm#synccaps_ucf101_r50_full_ptfz_official1_noval_fc_B0_linear-B1_sync-B4_syncnorm.json,configs/resnet18/ucf101_r50_full_ptfz_official1_noval_fc__B4_syncnorm.json,ucf101,r50_full,B4_syncnorm,resnet18,_official1_noval,42,0,2048,64,False,0.001,75.3370340999207,73.14300819455458,74.33254031192176,7.127676447264077,0.0,final epoch (no validation set),synccaps_ucf101_r50_full_ptfz_official1_noval_fc_B4_syncnorm_seed42.pt,True,completed,0,76.31509384086704,75.17842981760508,76.36796193497224,7.657943431139308,3,0.0
ucf101_r50_full_ptfz_official1_noval_fc__B4_syncnorm,ucf101_r50_full_ptfz_official1_noval_fc__B4_syncnorm#synccaps_ucf101_r50_full_ptfz_official1_noval_fc_B0_linear-B1_sync-B4_syncnorm.json,configs/resnet18/ucf101_r50_full_ptfz_official1_noval_fc__B4_syncnorm.json,ucf101,r50_full,B4_syncnorm,resnet18,_official1_noval,1337,0,2048,64,False,0.001,76.36796193497224,73.9360296061327,74.75548506476342,7.123446999735659,0.0,final epoch (no validation set),synccaps_ucf101_r50_full_ptfz_official1_noval_fc_B4_syncnorm_seed1337.pt,True,completed,0,76.87020882897173,75.46920433518372,76.94951097012954,7.665873645255089,3,0.0
ucf101_r50_full_ptfz_official1_noval_fc__B4_syncnorm,ucf101_r50_full_ptfz_official1_noval_fc__B4_syncnorm#synccaps_ucf101_r50_full_ptfz_official1_noval_fc_B0_linear-B1_sync-B4_syncnorm.json,configs/resnet18/ucf101_r50_full_ptfz_official1_noval_fc__B4_syncnorm.json,ucf101,r50_full,B4_syncnorm,resnet18,_official1_noval,7,0,2048,64,False,0.001,76.79090668781392,74.22680412371135,75.07269362939466,7.159661644197727,0.0,final epoch (no validation set),synccaps_ucf101_r50_full_ptfz_official1_noval_fc_B4_syncnorm_seed7.pt,True,completed,0,77.21385144065557,75.70711075865715,77.21385144065557,7.777954004758128,3,0.0
ucf101_r50_full_ptfz_official1_noval_fc_oc1024__B0_linear,ucf101_r50_full_ptfz_official1_noval_fc_oc1024__B0_linear#synccaps_ucf101_r50_full_ptfz_official1_noval_fc_oc1024_B0_linear-B1_sync-B4_syncnorm.json,configs/resnet18/ucf101_r50_full_ptfz_official1_noval_fc_oc1024__B0_linear.json,ucf101,r50_full,B0_linear,resnet18,_official1_noval,42,0,2048,64,False,0.001,72.24425059476606,65.66217287866772,65.13349193761564,1.040972772931536,0.0,final epoch (no validation set),synccaps_ucf101_r50_full_ptfz_official1_noval_fc_oc1024_B0_linear_seed42.pt,True,completed,0,73.69812318265927,69.70658207771609,70.92254824213587,1.0602696272799366,3,0.0
ucf101_r50_full_ptfz_official1_noval_fc_oc1024__B0_linear,ucf101_r50_full_ptfz_official1_noval_fc_oc1024__B0_linear#synccaps_ucf101_r50_full_ptfz_official1_noval_fc_oc1024_B0_linear-B1_sync-B4_syncnorm.json,configs/resnet18/ucf101_r50_full_ptfz_official1_noval_fc_oc1024__B0_linear.json,ucf101,r50_full,B0_linear,resnet18,_official1_noval,1337,0,2048,64,False,0.001,72.08564631245044,66.42876024319322,65.00132170235263,1.0327782183452288,0.0,final epoch (no validation set),synccaps_ucf101_r50_full_ptfz_official1_noval_fc_oc1024_B0_linear_seed1337.pt,True,completed,0,73.3016124768702,68.9928628072958,70.97541633624108,1.1030927835051547,3,0.0
ucf101_r50_full_ptfz_official1_noval_fc_oc1024__B0_linear,ucf101_r50_full_ptfz_official1_noval_fc_oc1024__B0_linear#synccaps_ucf101_r50_full_ptfz_official1_noval_fc_oc1024_B0_linear-B1_sync-B4_syncnorm.json,configs/resnet18/ucf101_r50_full_ptfz_official1_noval_fc_oc1024__B0_linear.json,ucf101,r50_full,B0_linear,resnet18,_official1_noval,7,0,2048,64,False,0.001,72.5085910652921,66.2172878667724,64.60481099656357,1.034892942109437,0.0,final epoch (no validation set),synccaps_ucf101_r50_full_ptfz_official1_noval_fc_oc1024_B0_linear_seed7.pt,True,completed,0,74.54401268834259,70.3938673010838,71.45122918318795,1.0652920962199313,3,0.0
ucf101_r50_full_ptfz_official1_noval_fc_oc1024__B1_sync,ucf101_r50_full_ptfz_official1_noval_fc_oc1024__B1_sync#synccaps_ucf101_r50_full_ptfz_official1_noval_fc_oc1024_B0_linear-B1_sync-B4_syncnorm.json,configs/resnet18/ucf101_r50_full_ptfz_official1_noval_fc_oc1024__B1_sync.json,ucf101,r50_full,B1_sync,resnet18,_official1_noval,42,0,2048,64,False,0.001,72.11208035950304,71.847739888977,69.60084588950568,5.610097805974094,0.0,final epoch (no validation set),synccaps_ucf101_r50_full_ptfz_official1_noval_fc_oc1024_B1_sync_seed42.pt,True,completed,0,72.48215701823949,72.16494845360825,72.32355273592387,5.685963521015068,3,0.0
ucf101_r50_full_ptfz_official1_noval_fc_oc1024__B1_sync,ucf101_r50_full_ptfz_official1_noval_fc_oc1024__B1_sync#synccaps_ucf101_r50_full_ptfz_official1_noval_fc_oc1024_B0_linear-B1_sync-B4_syncnorm.json,configs/resnet18/ucf101_r50_full_ptfz_official1_noval_fc_oc1024__B1_sync.json,ucf101,r50_full,B1_sync,resnet18,_official1_noval,1337,0,2048,64,False,0.001,73.16944224160719,73.09014010044937,70.52603753634682,5.8583135077980435,0.0,final epoch (no validation set),synccaps_ucf101_r50_full_ptfz_official1_noval_fc_oc1024_B1_sync_seed1337.pt,True,completed,0,73.38091461802802,73.3016124768702,73.01083795929156,5.935236584721121,3,0.0
ucf101_r50_full_ptfz_official1_noval_fc_oc1024__B1_sync,ucf101_r50_full_ptfz_official1_noval_fc_oc1024__B1_sync#synccaps_ucf101_r50_full_ptfz_official1_noval_fc_oc1024_B0_linear-B1_sync-B4_syncnorm.json,configs/resnet18/ucf101_r50_full_ptfz_official1_noval_fc_oc1024__B1_sync.json,ucf101,r50_full,B1_sync,resnet18,_official1_noval,7,0,2048,64,False,0.001,72.5085910652921,72.72006344171292,71.00185038329369,5.520486386465768,0.0,final epoch (no validation set),synccaps_ucf101_r50_full_ptfz_official1_noval_fc_oc1024_B1_sync_seed7.pt,True,completed,0,73.80385937086969,73.53951890034365,73.06370605339677,5.602960613269891,3,0.0
ucf101_r50_full_ptfz_official1_noval_fc_oc1024__B4_syncnorm,ucf101_r50_full_ptfz_official1_noval_fc_oc1024__B4_syncnorm#synccaps_ucf101_r50_full_ptfz_official1_noval_fc_oc1024_B0_linear-B1_sync-B4_syncnorm.json,configs/resnet18/ucf101_r50_full_ptfz_official1_noval_fc_oc1024__B4_syncnorm.json,ucf101,r50_full,B4_syncnorm,resnet18,_official1_noval,42,0,2048,64,False,0.001,75.25773195876289,72.5350251123447,73.2223103357124,7.177108115252445,0.0,final epoch (no validation set),synccaps_ucf101_r50_full_ptfz_official1_noval_fc_oc1024_B4_syncnorm_seed42.pt,True,completed,0,76.050753370341,73.77742532381708,75.57494052339413,7.768702088289717,3,0.0
ucf101_r50_full_ptfz_official1_noval_fc_oc1024__B4_syncnorm,ucf101_r50_full_ptfz_official1_noval_fc_oc1024__B4_syncnorm#synccaps_ucf101_r50_full_ptfz_official1_noval_fc_oc1024_B0_linear-B1_sync-B4_syncnorm.json,configs/resnet18/ucf101_r50_full_ptfz_official1_noval_fc_oc1024__B4_syncnorm.json,ucf101,r50_full,B4_syncnorm,resnet18,_official1_noval,1337,0,2048,64,False,0.001,75.78641289981496,73.38091461802802,74.51757864128999,7.160719006079831,0.0,final epoch (no validation set),synccaps_ucf101_r50_full_ptfz_official1_noval_fc_oc1024_B4_syncnorm_seed1337.pt,True,completed,0,76.60586835844569,75.15199577055247,76.50013217023526,7.730901401004494,3,0.0
ucf101_r50_full_ptfz_official1_noval_fc_oc1024__B4_syncnorm,ucf101_r50_full_ptfz_official1_noval_fc_oc1024__B4_syncnorm#synccaps_ucf101_r50_full_ptfz_official1_noval_fc_oc1024_B0_linear-B1_sync-B4_syncnorm.json,configs/resnet18/ucf101_r50_full_ptfz_official1_noval_fc_oc1024__B4_syncnorm.json,ucf101,r50_full,B4_syncnorm,resnet18,_official1_noval,7,0,2048,64,False,0.001,75.12556172349987,72.5085910652921,73.9360296061327,7.189267776896643,0.0,final epoch (no validation set),synccaps_ucf101_r50_full_ptfz_official1_noval_fc_oc1024_B4_syncnorm_seed7.pt,True,completed,0,75.15199577055247,73.83029341792229,75.60137457044674,7.646576790906688,3,0.0
ucf101_r50_full_ptfz_official1_noval_fc_oc512__B0_linear,ucf101_r50_full_ptfz_official1_noval_fc_oc512__B0_linear#synccaps_ucf101_r50_full_ptfz_official1_noval_fc_oc512_B0_linear-B1_sync-B4_syncnorm.json,configs/resnet18/ucf101_r50_full_ptfz_official1_noval_fc_oc512__B0_linear.json,ucf101,r50_full,B0_linear,resnet18,_official1_noval,42,0,2048,64,False,0.001,74.17393602960614,67.38038593708697,65.26566217287866,1.0499603489294211,0.0,final epoch (no validation set),synccaps_ucf101_r50_full_ptfz_official1_noval_fc_oc512_B0_linear_seed42.pt,True,completed,0,74.96695744118425,70.76394395982025,72.32355273592387,1.0819455458630716,3,0.0
ucf101_r50_full_ptfz_official1_noval_fc_oc512__B0_linear,ucf101_r50_full_ptfz_official1_noval_fc_oc512__B0_linear#synccaps_ucf101_r50_full_ptfz_official1_noval_fc_oc512_B0_linear-B1_sync-B4_syncnorm.json,configs/resnet18/ucf101_r50_full_ptfz_official1_noval_fc_oc512__B0_linear.json,ucf101,r50_full,B0_linear,resnet18,_official1_noval,1337,0,2048,64,False,0.001,74.12106793550093,67.96193497224425,66.2172878667724,1.0428231562252182,0.0,final epoch (no validation set),synccaps_ucf101_r50_full_ptfz_official1_noval_fc_oc512_B0_linear_seed1337.pt,True,completed,0,74.6233148295004,70.81681205392546,72.16494845360825,1.0816812053925455,3,0.0
ucf101_r50_full_ptfz_official1_noval_fc_oc512__B0_linear,ucf101_r50_full_ptfz_official1_noval_fc_oc512__B0_linear#synccaps_ucf101_r50_full_ptfz_official1_noval_fc_oc512_B0_linear-B1_sync-B4_syncnorm.json,configs/resnet18/ucf101_r50_full_ptfz_official1_noval_fc_oc512__B0_linear.json,ucf101,r50_full,B0_linear,resnet18,_official1_noval,7,0,2048,64,False,0.001,72.27068464181866,65.63573883161511,66.2965900079302,1.049696008458895,0.0,final epoch (no validation set),synccaps_ucf101_r50_full_ptfz_official1_noval_fc_oc512_B0_linear_seed7.pt,True,completed,0,73.80385937086969,69.8123182659265,71.55696537139836,1.084588950568332,3,0.0
ucf101_r50_full_ptfz_official1_noval_fc_oc512__B1_sync,ucf101_r50_full_ptfz_official1_noval_fc_oc512__B1_sync#synccaps_ucf101_r50_full_ptfz_official1_noval_fc_oc512_B0_linear-B1_sync-B4_syncnorm.json,configs/resnet18/ucf101_r50_full_ptfz_official1_noval_fc_oc512__B1_sync.json,ucf101,r50_full,B1_sync,resnet18,_official1_noval,42,0,2048,64,False,0.001,72.5878932064499,72.13851440655564,70.52603753634682,5.647634152788792,0.0,final epoch (no validation set),synccaps_ucf101_r50_full_ptfz_official1_noval_fc_oc512_B1_sync_seed42.pt,True,completed,0,73.09014010044937,72.66719534760772,72.85223367697594,5.719006079830822,3,0.0
ucf101_r50_full_ptfz_official1_noval_fc_oc512__B1_sync,ucf101_r50_full_ptfz_official1_noval_fc_oc512__B1_sync#synccaps_ucf101_r50_full_ptfz_official1_noval_fc_oc512_B0_linear-B1_sync-B4_syncnorm.json,configs/resnet18/ucf101_r50_full_ptfz_official1_noval_fc_oc512__B1_sync.json,ucf101,r50_full,B1_sync,resnet18,_official1_noval,1337,0,2048,64,False,0.001,72.82579962992334,72.61432725350251,71.26619085381972,5.7861485593444355,0.0,final epoch (no validation set),synccaps_ucf101_r50_full_ptfz_official1_noval_fc_oc512_B1_sync_seed1337.pt,True,completed,0,73.248744382765,73.19587628865979,73.80385937086969,5.8514406555643665,3,0.0
ucf101_r50_full_ptfz_official1_noval_fc_oc512__B1_sync,ucf101_r50_full_ptfz_official1_noval_fc_oc512__B1_sync#synccaps_ucf101_r50_full_ptfz_official1_noval_fc_oc512_B0_linear-B1_sync-B4_syncnorm.json,configs/resnet18/ucf101_r50_full_ptfz_official1_noval_fc_oc512__B1_sync.json,ucf101,r50_full,B1_sync,resnet18,_official1_noval,7,0,2048,64,False,0.001,73.2223103357124,72.98440391223896,71.00185038329369,5.581813375627808,0.0,final epoch (no validation set),synccaps_ucf101_r50_full_ptfz_official1_noval_fc_oc512_B1_sync_seed7.pt,True,completed,0,73.16944224160719,72.82579962992334,73.8567274649749,5.654507005022469,3,0.0
ucf101_r50_full_ptfz_official1_noval_fc_oc512__B4_syncnorm,ucf101_r50_full_ptfz_official1_noval_fc_oc512__B4_syncnorm#synccaps_ucf101_r50_full_ptfz_official1_noval_fc_oc512_B0_linear-B1_sync-B4_syncnorm.json,configs/resnet18/ucf101_r50_full_ptfz_official1_noval_fc_oc512__B4_syncnorm.json,ucf101,r50_full,B4_syncnorm,resnet18,_official1_noval,42,0,2048,64,False,0.001,75.75997885276236,73.8567274649749,74.67618292360561,7.150938408670368,0.0,final epoch (no validation set),synccaps_ucf101_r50_full_ptfz_official1_noval_fc_oc512_B4_syncnorm_seed42.pt,True,completed,0,76.60586835844569,75.09912767644727,77.02881311128735,7.77716098334655,3,0.0
ucf101_r50_full_ptfz_official1_noval_fc_oc512__B4_syncnorm,ucf101_r50_full_ptfz_official1_noval_fc_oc512__B4_syncnorm#synccaps_ucf101_r50_full_ptfz_official1_noval_fc_oc512_B0_linear-B1_sync-B4_syncnorm.json,configs/resnet18/ucf101_r50_full_ptfz_official1_noval_fc_oc512__B4_syncnorm.json,ucf101,r50_full,B4_syncnorm,resnet18,_official1_noval,1337,0,2048,64,False,0.001,75.91858313507798,73.40734866508062,74.54401268834259,7.202749140893471,0.0,final epoch (no validation set),synccaps_ucf101_r50_full_ptfz_official1_noval_fc_oc512_B4_syncnorm_seed1337.pt,True,completed,0,76.20935765265662,75.12556172349987,76.7116045466561,7.820248480042294,3,0.0
ucf101_r50_full_ptfz_official1_noval_fc_oc512__B4_syncnorm,ucf101_r50_full_ptfz_official1_noval_fc_oc512__B4_syncnorm#synccaps_ucf101_r50_full_ptfz_official1_noval_fc_oc512_B0_linear-B1_sync-B4_syncnorm.json,configs/resnet18/ucf101_r50_full_ptfz_official1_noval_fc_oc512__B4_syncnorm.json,ucf101,r50_full,B4_syncnorm,resnet18,_official1_noval,7,0,2048,64,False,0.001,75.99788527623579,73.80385937086969,74.46471054718478,7.218080888183981,0.0,final epoch (no validation set),synccaps_ucf101_r50_full_ptfz_official1_noval_fc_oc512_B4_syncnorm_seed7.pt,True,completed,0,76.55300026434047,75.12556172349987,76.47369812318266,7.758392809939202,3,0.0
ucf101_resnet_pt_official1__B0_linear,ucf101_resnet_pt_official1__B0_linear#synccaps_ucf101_resnet_pt_official1_B0_linear-B4_syncnorm.json,configs/fine_tuning/ucf101_resnet_pt_official1__B0_linear.json,ucf101,resnet,B0_linear,fine_tuning,_official1,42,0,2048,64,False,0.001,66.56093047845624,62.46365318530267,62.09357652656622,2.922283901665345,63.44615384615384,best validation accuracy,synccaps_ucf101_resnet_pt_official1_B0_linear_seed42.pt,True,completed,0,68.56991805445413,65.10705789056304,66.53449643140364,3.337298440391224,3,0.0
ucf101_resnet_pt_official1__B0_linear,ucf101_resnet_pt_official1__B0_linear#synccaps_ucf101_resnet_pt_official1_B0_linear-B4_syncnorm.json,configs/fine_tuning/ucf101_resnet_pt_official1__B0_linear.json,ucf101,resnet,B0_linear,fine_tuning,_official1,1337,0,2048,64,False,0.001,67.35395189003437,61.88210415014539,62.12001057361882,2.986782976473698,63.07692307692307,best validation accuracy,synccaps_ucf101_resnet_pt_official1_B0_linear_seed1337.pt,True,completed,0,68.51704996034893,65.18636003172085,66.9310071371927,3.4047052603753634,3,0.0
ucf101_resnet_pt_official1__B0_linear,ucf101_resnet_pt_official1__B0_linear#synccaps_ucf101_resnet_pt_official1_B0_linear-B4_syncnorm.json,configs/fine_tuning/ucf101_resnet_pt_official1__B0_linear.json,ucf101,resnet,B0_linear,fine_tuning,_official1,7,0,2048,64,False,0.001,68.22627544277029,63.15093840867036,63.33597673803859,2.7570711075865715,64.86153846153846,best validation accuracy,synccaps_ucf101_resnet_pt_official1_B0_linear_seed7.pt,True,completed,0,69.17790113666402,66.00581549035157,67.43325403119218,3.202749140893471,3,0.0
ucf101_resnet_pt_official1__B4_syncnorm,ucf101_resnet_pt_official1__B4_syncnorm#synccaps_ucf101_resnet_pt_official1_B0_linear-B4_syncnorm.json,configs/fine_tuning/ucf101_resnet_pt_official1__B4_syncnorm.json,ucf101,resnet,B4_syncnorm,fine_tuning,_official1,42,0,2048,64,False,0.001,68.17340734866508,67.72402854877082,67.19534760771874,9.283901665344965,66.76923076923077,best validation accuracy,synccaps_ucf101_resnet_pt_official1_B4_syncnorm_seed42.pt,True,completed,0,69.68014803066349,68.3320116309807,69.52154374834787,9.804123711340207,3,0.0
ucf101_resnet_pt_official1__B4_syncnorm,ucf101_resnet_pt_official1__B4_syncnorm#synccaps_ucf101_resnet_pt_official1_B0_linear-B4_syncnorm.json,configs/fine_tuning/ucf101_resnet_pt_official1__B4_syncnorm.json,ucf101,resnet,B4_syncnorm,fine_tuning,_official1,1337,0,2048,64,False,0.001,68.41131377213851,68.88712661908538,67.45968807824478,8.831086439333863,66.83076923076922,best validation accuracy,synccaps_ucf101_resnet_pt_official1_B4_syncnorm_seed1337.pt,True,completed,0,70.26169706582077,69.83875231297911,69.60084588950568,9.471054718477399,3,0.0
ucf101_resnet_pt_official1__B4_syncnorm,ucf101_resnet_pt_official1__B4_syncnorm#synccaps_ucf101_resnet_pt_official1_B0_linear-B4_syncnorm.json,configs/fine_tuning/ucf101_resnet_pt_official1__B4_syncnorm.json,ucf101,resnet,B4_syncnorm,fine_tuning,_official1,7,0,2048,64,False,0.001,68.17340734866508,68.56991805445413,68.12053925455987,8.951890034364261,66.0923076923077,best validation accuracy,synccaps_ucf101_resnet_pt_official1_B4_syncnorm_seed7.pt,True,completed,0,70.68464181866244,69.7858842188739,70.3674332540312,9.498546127412107,3,0.0
ucf101_resnet_pt_official1_noval__B0_linear,ucf101_resnet_pt_official1_noval__B0_linear#synccaps_ucf101_resnet_pt_official1_noval_B0_linear-B4_syncnorm.json,configs/fine_tuning/ucf101_resnet_pt_official1_noval__B0_linear.json,ucf101,resnet,B0_linear,fine_tuning,_official1_noval,42,0,2048,64,False,0.001,67.72402854877082,63.57388316151202,63.83822363203806,2.8260639703938675,0.0,final epoch (no validation set),synccaps_ucf101_resnet_pt_official1_noval_B0_linear_seed42.pt,True,completed,0,69.36293946603224,65.87364525508855,68.25270948982289,3.1448585778482685,3,0.0
ucf101_resnet_pt_official1_noval__B0_linear,ucf101_resnet_pt_official1_noval__B0_linear#synccaps_ucf101_resnet_pt_official1_noval_B0_linear-B4_syncnorm.json,configs/fine_tuning/ucf101_resnet_pt_official1_noval__B0_linear.json,ucf101,resnet,B0_linear,fine_tuning,_official1_noval,1337,0,2048,64,False,0.001,69.17790113666402,65.05418979645783,63.732487443827644,2.804652392281258,0.0,final epoch (no validation set),synccaps_ucf101_resnet_pt_official1_noval_B0_linear_seed1337.pt,True,completed,0,69.99735659529473,67.27464974887656,68.17340734866508,3.142479513613534,3,0.0
ucf101_resnet_pt_official1_noval__B0_linear,ucf101_resnet_pt_official1_noval__B0_linear#synccaps_ucf101_resnet_pt_official1_noval_B0_linear-B4_syncnorm.json,configs/fine_tuning/ucf101_resnet_pt_official1_noval__B0_linear.json,ucf101,resnet,B0_linear,fine_tuning,_official1_noval,7,0,2048,64,False,0.001,69.09859899550621,63.441712926249004,64.41977266719535,2.8974358974358974,0.0,final epoch (no validation set),synccaps_ucf101_resnet_pt_official1_noval_B0_linear_seed7.pt,True,completed,0,69.44224160719006,66.243721913825,68.25270948982289,3.1588686227861484,3,0.0
ucf101_resnet_pt_official1_noval__B4_syncnorm,ucf101_resnet_pt_official1_noval__B4_syncnorm#synccaps_ucf101_resnet_pt_official1_noval_B0_linear-B4_syncnorm.json,configs/fine_tuning/ucf101_resnet_pt_official1_noval__B4_syncnorm.json,ucf101,resnet,B4_syncnorm,fine_tuning,_official1_noval,42,0,2048,64,False,0.001,69.83875231297911,70.60533967750463,68.3320116309807,8.179222839016653,0.0,final epoch (no validation set),synccaps_ucf101_resnet_pt_official1_noval_B4_syncnorm_seed42.pt,True,completed,0,71.58339941845097,71.90060798308221,71.23975680676712,8.899021940259054,3,0.0
ucf101_resnet_pt_official1_noval__B4_syncnorm,ucf101_resnet_pt_official1_noval__B4_syncnorm#synccaps_ucf101_resnet_pt_official1_noval_B0_linear-B4_syncnorm.json,configs/fine_tuning/ucf101_resnet_pt_official1_noval__B4_syncnorm.json,ucf101,resnet,B4_syncnorm,fine_tuning,_official1_noval,1337,0,2048,64,False,0.001,69.25720327782183,70.20882897171556,68.88712661908538,8.30161247687021,0.0,final epoch (no validation set),synccaps_ucf101_resnet_pt_official1_noval_B4_syncnorm_seed1337.pt,True,completed,0,71.7948717948718,71.50409727729316,71.74200370076659,8.919904837430611,3,0.0
ucf101_resnet_pt_official1_noval__B4_syncnorm,ucf101_resnet_pt_official1_noval__B4_syncnorm#synccaps_ucf101_resnet_pt_official1_noval_B0_linear-B4_syncnorm.json,configs/fine_tuning/ucf101_resnet_pt_official1_noval__B4_syncnorm.json,ucf101,resnet,B4_syncnorm,fine_tuning,_official1_noval,7,0,2048,64,False,0.001,70.20882897171556,70.47316944224161,68.62278614855934,8.226539783240813,0.0,final epoch (no validation set),synccaps_ucf101_resnet_pt_official1_noval_B4_syncnorm_seed7.pt,True,completed,0,72.11208035950304,71.50409727729316,71.53053132434576,8.89056304520222,3,0.0
ucf101_resnet_ptfz_official1_fc__B0_linear,ucf101_resnet_ptfz_official1_fc__B0_linear#synccaps_ucf101_resnet_ptfz_official1_fc_B0_linear-B4_syncnorm-B4_gram.json,configs/resnet18/ucf101_resnet_ptfz_official1_fc__B0_linear.json,ucf101,resnet,B0_linear,resnet18,_official1,42,0,2048,64,False,0.001,64.63124504361618,60.692572032778216,58.97435897435898,1.4607454401268833,60.49230769230769,best validation accuracy,synccaps_ucf101_resnet_ptfz_official1_fc_B0_linear_seed42.pt,True,completed,0,66.34945810203541,63.28310864393338,64.23473433782712,1.683584456780333,3,0.0
ucf101_resnet_ptfz_official1_fc__B0_linear,ucf101_resnet_ptfz_official1_fc__B0_linear#synccaps_ucf101_resnet_ptfz_official1_fc_B0_linear-B4_syncnorm-B4_gram.json,configs/resnet18/ucf101_resnet_ptfz_official1_fc__B0_linear.json,ucf101,resnet,B0_linear,resnet18,_official1,1337,0,2048,64,False,0.001,64.86915146708961,60.87761036214644,59.529473962463655,1.604546656093048,60.92307692307693,best validation accuracy,synccaps_ucf101_resnet_ptfz_official1_fc_B0_linear_seed1337.pt,True,completed,0,65.97938144329896,63.098070314565156,64.55194290245836,1.7694951097012952,3,0.0
ucf101_resnet_ptfz_official1_fc__B0_linear,ucf101_resnet_ptfz_official1_fc__B0_linear#synccaps_ucf101_resnet_ptfz_official1_fc_B0_linear-B4_syncnorm-B4_gram.json,configs/resnet18/ucf101_resnet_ptfz_official1_fc__B0_linear.json,ucf101,resnet,B0_linear,resnet18,_official1,7,0,2048,64,False,0.001,64.26116838487972,60.66613798572561,59.027227068464185,1.4879725085910653,61.846153846153854,best validation accuracy,synccaps_ucf101_resnet_ptfz_official1_fc_B0_linear_seed7.pt,True,completed,0,66.2172878667724,63.07163626751255,64.15543219666931,1.7282579962992335,3,0.0
ucf101_resnet_ptfz_official1_fc__B4_syncnorm,ucf101_resnet_ptfz_official1_fc__B4_syncnorm#synccaps_ucf101_resnet_ptfz_official1_fc_B0_linear-B4_syncnorm-B4_gram.json,configs/resnet18/ucf101_resnet_ptfz_official1_fc__B4_syncnorm.json,ucf101,resnet,B4_syncnorm,resnet18,_official1,42,0,2048,64,False,0.001,70.07665873645254,70.89611419508327,70.10309278350515,11.590800951625694,67.56923076923077,best validation accuracy,synccaps_ucf101_resnet_ptfz_official1_fc_B4_syncnorm_seed42.pt,True,completed,0,72.13851440655564,71.26619085381972,71.90060798308221,11.713454929949775,3,0.0
ucf101_resnet_ptfz_official1_fc__B4_syncnorm,ucf101_resnet_ptfz_official1_fc__B4_syncnorm#synccaps_ucf101_resnet_ptfz_official1_fc_B0_linear-B4_syncnorm-B4_gram.json,configs/resnet18/ucf101_resnet_ptfz_official1_fc__B4_syncnorm.json,ucf101,resnet,B4_syncnorm,resnet18,_official1,1337,0,2048,64,False,0.001,70.49960348929422,70.97541633624108,70.68464181866244,11.642083002907745,67.87692307692308,best validation accuracy,synccaps_ucf101_resnet_ptfz_official1_fc_B4_syncnorm_seed1337.pt,True,completed,0,72.21781654771345,71.92704203013481,72.5350251123447,11.759714512291833,3,0.0
ucf101_resnet_ptfz_official1_fc__B4_syncnorm,ucf101_resnet_ptfz_official1_fc__B4_syncnorm#synccaps_ucf101_resnet_ptfz_official1_fc_B0_linear-B4_syncnorm-B4_gram.json,configs/resnet18/ucf101_resnet_ptfz_official1_fc__B4_syncnorm.json,ucf101,resnet,B4_syncnorm,resnet18,_official1,7,0,2048,64,False,0.001,69.99735659529473,70.60533967750463,70.02379064234734,11.512820512820513,68.61538461538461,best validation accuracy,synccaps_ucf101_resnet_ptfz_official1_fc_B4_syncnorm_seed7.pt,True,completed,0,71.68913560666138,71.23975680676712,71.847739888977,11.702881311128733,3,0.0
ucf101_resnet_ptfz_official1_fc__B4_gram,ucf101_resnet_ptfz_official1_fc__B4_gram#synccaps_ucf101_resnet_ptfz_official1_fc_B0_linear-B4_syncnorm-B4_gram.json,configs/resnet18/ucf101_resnet_ptfz_official1_fc__B4_gram.json,ucf101,resnet,B4_gram,resnet18,_official1,42,0,2048,64,False,0.001,70.31456515992599,71.02828443034629,69.99735659529473,11.56568860692572,68.12307692307692,best validation accuracy,synccaps_ucf101_resnet_ptfz_official1_fc_B4_gram_seed42.pt,True,completed,0,71.74200370076659,71.63626751255617,71.74200370076659,11.75786412899815,3,0.0
ucf101_resnet_ptfz_official1_fc__B4_gram,ucf101_resnet_ptfz_official1_fc__B4_gram#synccaps_ucf101_resnet_ptfz_official1_fc_B0_linear-B4_syncnorm-B4_gram.json,configs/resnet18/ucf101_resnet_ptfz_official1_fc__B4_gram.json,ucf101,resnet,B4_gram,resnet18,_official1,1337,0,2048,64,False,0.001,69.31007137192704,70.05022468939994,68.88712661908538,11.170235263018768,67.63076923076923,best validation accuracy,synccaps_ucf101_resnet_ptfz_official1_fc_B4_gram_seed1337.pt,True,completed,0,70.86968014803067,70.76394395982025,70.4203013481364,11.337298440391224,3,0.0
ucf101_resnet_ptfz_official1_fc__B4_gram,ucf101_resnet_ptfz_official1_fc__B4_gram#synccaps_ucf101_resnet_ptfz_official1_fc_B0_linear-B4_syncnorm-B4_gram.json,configs/resnet18/ucf101_resnet_ptfz_official1_fc__B4_gram.json,ucf101,resnet,B4_gram,resnet18,_official1,7,0,2048,64,False,0.001,70.65820777160984,71.26619085381972,70.81681205392546,11.53634681469733,69.1076923076923,best validation accuracy,synccaps_ucf101_resnet_ptfz_official1_fc_B4_gram_seed7.pt,True,completed,0,71.92704203013481,71.8741739360296,72.11208035950304,11.734337827121331,3,0.0
ucf101_resnet_ptfz_official1_noval__B4_gram,ucf101_resnet_ptfz_official1_noval__B4_gram#synccaps_ucf101_resnet_ptfz_official1_noval_B4_gram.json,configs/resnet18/ucf101_resnet_ptfz_official1_noval__B4_gram.json,ucf101,resnet,B4_gram,resnet18,_official1_noval,42,0,2048,64,False,0.001,69.91805445413692,70.23526301876817,68.80782447792757,10.955855141422152,0.0,final epoch (no validation set),synccaps_ucf101_resnet_ptfz_official1_noval_B4_gram_seed42.pt,True,completed,0,,,,,,
ucf101_resnet_ptfz_official1_noval__B4_gram,ucf101_resnet_ptfz_official1_noval__B4_gram#synccaps_ucf101_resnet_ptfz_official1_noval_B4_gram.json,configs/resnet18/ucf101_resnet_ptfz_official1_noval__B4_gram.json,ucf101,resnet,B4_gram,resnet18,_official1_noval,1337,0,2048,64,False,0.001,70.05022468939994,71.00185038329369,69.36293946603224,10.810996563573884,0.0,final epoch (no validation set),synccaps_ucf101_resnet_ptfz_official1_noval_B4_gram_seed1337.pt,True,completed,0,,,,,,
ucf101_resnet_ptfz_official1_noval__B4_gram,ucf101_resnet_ptfz_official1_noval__B4_gram#synccaps_ucf101_resnet_ptfz_official1_noval_B4_gram.json,configs/resnet18/ucf101_resnet_ptfz_official1_noval__B4_gram.json,ucf101,resnet,B4_gram,resnet18,_official1_noval,7,0,2048,64,False,0.001,69.7858842188739,70.76394395982025,69.46867565424266,10.972508591065292,0.0,final epoch (no validation set),synccaps_ucf101_resnet_ptfz_official1_noval_B4_gram_seed7.pt,True,completed,0,,,,,,
ucf101_resnet_ptfz_official1_noval_fc__B0_linear,ucf101_resnet_ptfz_official1_noval_fc__B0_linear#synccaps_ucf101_resnet_ptfz_official1_noval_fc_B0_linear-B4_syncnorm-B4_gram-CB_tsketch.json,configs/resnet18/ucf101_resnet_ptfz_official1_noval_fc__B0_linear.json,ucf101,resnet,B0_linear,resnet18,_official1_noval,42,0,2048,64,False,0.001,65.79434311393074,62.49008723235527,61.40629130319852,1.4395982024848004,0.0,final epoch (no validation set),synccaps_ucf101_resnet_ptfz_official1_noval_fc_B0_linear_seed42.pt,True,completed,0,67.27464974887656,63.86465767909066,65.60930478456251,1.597673803859371,3,0.0
ucf101_resnet_ptfz_official1_noval_fc__B0_linear,ucf101_resnet_ptfz_official1_noval_fc__B0_linear#synccaps_ucf101_resnet_ptfz_official1_noval_fc_B0_linear-B4_syncnorm-B4_gram-CB_tsketch.json,configs/resnet18/ucf101_resnet_ptfz_official1_noval_fc__B0_linear.json,ucf101,resnet,B0_linear,resnet18,_official1_noval,1337,0,2048,64,False,0.001,65.90007930214115,61.9614062913032,60.71900607983082,1.436426116838488,0.0,final epoch (no validation set),synccaps_ucf101_resnet_ptfz_official1_noval_fc_B0_linear_seed1337.pt,True,completed,0,67.32751784298176,63.91752577319587,65.18636003172085,1.6000528680941053,3,0.0
ucf101_resnet_ptfz_official1_noval_fc__B0_linear,ucf101_resnet_ptfz_official1_noval_fc__B0_linear#synccaps_ucf101_resnet_ptfz_official1_noval_fc_B0_linear-B4_syncnorm-B4_gram-CB_tsketch.json,configs/resnet18/ucf101_resnet_ptfz_official1_noval_fc__B0_linear.json,ucf101,resnet,B0_linear,resnet18,_official1_noval,7,0,2048,64,False,0.001,65.47713454929949,61.37985725614592,61.37985725614592,1.4752841660058156,0.0,final epoch (no validation set),synccaps_ucf101_resnet_ptfz_official1_noval_fc_B0_linear_seed7.pt,True,completed,0,67.22178165477135,63.91752577319587,65.84721120803594,1.6872852233676976,3,0.0
ucf101_resnet_ptfz_official1_noval_fc__B4_syncnorm,ucf101_resnet_ptfz_official1_noval_fc__B4_syncnorm#synccaps_ucf101_resnet_ptfz_official1_noval_fc_B0_linear-B4_syncnorm-B4_gram-CB_tsketch.json,configs/resnet18/ucf101_resnet_ptfz_official1_noval_fc__B4_syncnorm.json,ucf101,resnet,B4_syncnorm,resnet18,_official1_noval,42,0,2048,64,False,0.001,71.8213058419244,72.66719534760772,71.8213058419244,11.096484271742003,0.0,final epoch (no validation set),synccaps_ucf101_resnet_ptfz_official1_noval_fc_B4_syncnorm_seed42.pt,True,completed,0,73.38091461802802,72.74649748876553,73.38091461802802,11.24477927570711,3,0.0
ucf101_resnet_ptfz_official1_noval_fc__B4_syncnorm,ucf101_resnet_ptfz_official1_noval_fc__B4_syncnorm#synccaps_ucf101_resnet_ptfz_official1_noval_fc_B0_linear-B4_syncnorm-B4_gram-CB_tsketch.json,configs/resnet18/ucf101_resnet_ptfz_official1_noval_fc__B4_syncnorm.json,ucf101,resnet,B4_syncnorm,resnet18,_official1_noval,1337,0,2048,64,False,0.001,71.37192704203014,71.47766323024055,71.0547184773989,11.096219931271477,0.0,final epoch (no validation set),synccaps_ucf101_resnet_ptfz_official1_noval_fc_B4_syncnorm_seed1337.pt,True,completed,0,72.61432725350251,72.29711868887127,72.5614591593973,11.286545070050225,3,0.0
ucf101_resnet_ptfz_official1_noval_fc__B4_syncnorm,ucf101_resnet_ptfz_official1_noval_fc__B4_syncnorm#synccaps_ucf101_resnet_ptfz_official1_noval_fc_B0_linear-B4_syncnorm-B4_gram-CB_tsketch.json,configs/resnet18/ucf101_resnet_ptfz_official1_noval_fc__B4_syncnorm.json,ucf101,resnet,B4_syncnorm,resnet18,_official1_noval,7,0,2048,64,False,0.001,71.50409727729316,70.86968014803067,70.92254824213587,11.12476870208829,0.0,final epoch (no validation set),synccaps_ucf101_resnet_ptfz_official1_noval_fc_B4_syncnorm_seed7.pt,True,completed,0,72.5878932064499,71.60983346550357,72.5614591593973,11.29156753899022,3,0.0
ucf101_resnet_ptfz_official1_noval_fc__B4_gram,ucf101_resnet_ptfz_official1_noval_fc__B4_gram#synccaps_ucf101_resnet_ptfz_official1_noval_fc_B0_linear-B4_syncnorm-B4_gram-CB_tsketch.json,configs/resnet18/ucf101_resnet_ptfz_official1_noval_fc__B4_gram.json,ucf101,resnet,B4_gram,resnet18,_official1_noval,42,0,2048,64,False,0.001,72.11208035950304,72.98440391223896,72.19138250066085,10.930478456251652,0.0,final epoch (no validation set),synccaps_ucf101_resnet_ptfz_official1_noval_fc_B4_gram_seed42.pt,True,completed,0,73.96246365318531,74.17393602960614,73.72455722971188,11.110494316679883,3,0.0
ucf101_resnet_ptfz_official1_noval_fc__B4_gram,ucf101_resnet_ptfz_official1_noval_fc__B4_gram#synccaps_ucf101_resnet_ptfz_official1_noval_fc_B0_linear-B4_syncnorm-B4_gram-CB_tsketch.json,configs/resnet18/ucf101_resnet_ptfz_official1_noval_fc__B4_gram.json,ucf101,resnet,B4_gram,resnet18,_official1_noval,1337,0,2048,64,False,0.001,71.76843774781919,72.37642083002908,71.8741739360296,10.931007137192704,0.0,final epoch (no validation set),synccaps_ucf101_resnet_ptfz_official1_noval_fc_B4_gram_seed1337.pt,True,completed,0,73.46021675918584,73.61882104150146,73.46021675918584,11.097277293153581,3,0.0
ucf101_resnet_ptfz_official1_noval_fc__B4_gram,ucf101_resnet_ptfz_official1_noval_fc__B4_gram#synccaps_ucf101_resnet_ptfz_official1_noval_fc_B0_linear-B4_syncnorm-B4_gram-CB_tsketch.json,configs/resnet18/ucf101_resnet_ptfz_official1_noval_fc__B4_gram.json,ucf101,resnet,B4_gram,resnet18,_official1_noval,7,0,2048,64,False,0.001,72.5350251123447,72.64076130055511,72.08564631245044,11.028813111287338,0.0,final epoch (no validation set),synccaps_ucf101_resnet_ptfz_official1_noval_fc_B4_gram_seed7.pt,True,completed,0,73.40734866508062,73.32804652392281,73.46021675918584,11.227068464181865,3,0.0
ucf101_resnet_ptfz_official1_noval_fc__CB_tsketch,ucf101_resnet_ptfz_official1_noval_fc__CB_tsketch#synccaps_ucf101_resnet_ptfz_official1_noval_fc_B0_linear-B4_syncnorm-B4_gram-CB_tsketch.json,configs/resnet18/ucf101_resnet_ptfz_official1_noval_fc__CB_tsketch.json,ucf101,resnet,CB_tsketch,resnet18,_official1_noval,42,0,2048,64,False,0.001,70.44673539518901,71.1340206185567,69.94448850118953,10.403383558022734,0.0,final epoch (no validation set),synccaps_ucf101_resnet_ptfz_official1_noval_fc_CB_tsketch_seed42.pt,True,completed,0,71.66270155960878,71.97991012424002,71.58339941845097,10.637324874438276,3,0.0
ucf101_resnet_ptfz_official1_noval_fc__CB_tsketch,ucf101_resnet_ptfz_official1_noval_fc__CB_tsketch#synccaps_ucf101_resnet_ptfz_official1_noval_fc_B0_linear-B4_syncnorm-B4_gram-CB_tsketch.json,configs/resnet18/ucf101_resnet_ptfz_official1_noval_fc__CB_tsketch.json,ucf101,resnet,CB_tsketch,resnet18,_official1_noval,1337,0,2048,64,False,0.001,71.76843774781919,72.13851440655564,70.97541633624108,10.616970658207771,0.0,final epoch (no validation set),synccaps_ucf101_resnet_ptfz_official1_noval_fc_CB_tsketch_seed1337.pt,True,completed,0,72.64076130055511,72.5878932064499,72.5614591593973,10.850911974623315,3,0.0
ucf101_resnet_ptfz_official1_noval_fc__CB_tsketch,ucf101_resnet_ptfz_official1_noval_fc__CB_tsketch#synccaps_ucf101_resnet_ptfz_official1_noval_fc_B0_linear-B4_syncnorm-B4_gram-CB_tsketch.json,configs/resnet18/ucf101_resnet_ptfz_official1_noval_fc__CB_tsketch.json,ucf101,resnet,CB_tsketch,resnet18,_official1_noval,7,0,2048,64,False,0.001,70.84324610097806,71.1340206185567,70.3409992069786,10.544541369283637,0.0,final epoch (no validation set),synccaps_ucf101_resnet_ptfz_official1_noval_fc_CB_tsketch_seed7.pt,True,completed,0,72.21781654771345,72.16494845360825,72.11208035950304,10.752312979117104,3,0.0
ucf101_resnet_ptfz_official1_noval_fc__B1_sync,ucf101_resnet_ptfz_official1_noval_fc__B1_sync#synccaps_ucf101_resnet_ptfz_official1_noval_fc_B1_sync.json,configs/resnet18/ucf101_resnet_ptfz_official1_noval_fc__B1_sync.json,ucf101,resnet,B1_sync,resnet18,_official1_noval,42,0,2048,64,False,0.001,67.72402854877082,67.72402854877082,66.56093047845624,10.673275178429817,0.0,final epoch (no validation set),synccaps_ucf101_resnet_ptfz_official1_noval_fc_B1_sync_seed42.pt,True,completed,0,68.2791435368755,68.19984139571768,68.22627544277029,10.660058154903515,3,0.0
ucf101_resnet_ptfz_official1_noval_fc__B1_sync,ucf101_resnet_ptfz_official1_noval_fc__B1_sync#synccaps_ucf101_resnet_ptfz_official1_noval_fc_B1_sync.json,configs/resnet18/ucf101_resnet_ptfz_official1_noval_fc__B1_sync.json,ucf101,resnet,B1_sync,resnet18,_official1_noval,1337,0,2048,64,False,0.001,66.53449643140364,66.50806238435104,66.13798572561458,10.78191911181602,0.0,final epoch (no validation set),synccaps_ucf101_resnet_ptfz_official1_noval_fc_B1_sync_seed1337.pt,True,completed,0,67.19534760771874,67.19534760771874,66.9838752312979,10.817605075337035,3,0.0
ucf101_resnet_ptfz_official1_noval_fc__B1_sync,ucf101_resnet_ptfz_official1_noval_fc__B1_sync#synccaps_ucf101_resnet_ptfz_official1_noval_fc_B1_sync.json,configs/resnet18/ucf101_resnet_ptfz_official1_noval_fc__B1_sync.json,ucf101,resnet,B1_sync,resnet18,_official1_noval,7,0,2048,64,False,0.001,67.80333068992863,67.75046259582342,66.53449643140364,10.6690457309014,0.0,final epoch (no validation set),synccaps_ucf101_resnet_ptfz_official1_noval_fc_B1_sync_seed7.pt,True,completed,0,68.04123711340206,68.01480306634946,68.09410520750727,10.67776896642876,3,0.0
ucf101_resnet_ptfz_official1_noval_fc__B3_shuffle,ucf101_resnet_ptfz_official1_noval_fc__B3_shuffle#synccaps_ucf101_resnet_ptfz_official1_noval_fc_B3_shuffle.json,configs/resnet18/ucf101_resnet_ptfz_official1_noval_fc__B3_shuffle.json,ucf101,resnet,B3_shuffle,resnet18,_official1_noval,42,0,2048,64,False,0.001,67.80333068992863,67.80333068992863,67.32751784298176,10.805709754163363,0.0,final epoch (no validation set),synccaps_ucf101_resnet_ptfz_official1_noval_fc_B3_shuffle_seed42.pt,True,completed,0,68.3055775839281,68.3055775839281,68.17340734866508,10.91461802802009,3,0.02643404705260366
ucf101_resnet_ptfz_official1_noval_fc__B3_shuffle,ucf101_resnet_ptfz_official1_noval_fc__B3_shuffle#synccaps_ucf101_resnet_ptfz_official1_noval_fc_B3_shuffle.json,configs/resnet18/ucf101_resnet_ptfz_official1_noval_fc__B3_shuffle.json,ucf101,resnet,B3_shuffle,resnet18,_official1_noval,1337,0,2048,64,False,0.001,67.45968807824478,67.45968807824478,67.16891356066613,10.85329103885805,0.0,final epoch (no validation set),synccaps_ucf101_resnet_ptfz_official1_noval_fc_B3_shuffle_seed1337.pt,True,completed,0,67.96193497224425,67.96193497224425,67.93550092519165,10.98202484800423,3,0.02643404705260366
ucf101_resnet_ptfz_official1_noval_fc__B3_shuffle,ucf101_resnet_ptfz_official1_noval_fc__B3_shuffle#synccaps_ucf101_resnet_ptfz_official1_noval_fc_B3_shuffle.json,configs/resnet18/ucf101_resnet_ptfz_official1_noval_fc__B3_shuffle.json,ucf101,resnet,B3_shuffle,resnet18,_official1_noval,7,0,2048,64,False,0.001,68.49061591329632,68.49061591329632,68.3320116309807,10.629659000793021,0.0,final epoch (no validation set),synccaps_ucf101_resnet_ptfz_official1_noval_fc_B3_shuffle_seed7.pt,True,completed,0,69.46867565424266,69.46867565424266,69.12503304255881,10.770023790642348,3,0.0
ucf101_resnet_ptfz_official1_noval_fc__B4_gram,ucf101_resnet_ptfz_official1_noval_fc__B4_gram#synccaps_ucf101_resnet_ptfz_official1_noval_fc_B4_gram-CB_tsketch.json,configs/resnet18/ucf101_resnet_ptfz_official1_noval_fc__B4_gram.json,ucf101,resnet,B4_gram,resnet18,_official1_noval,19,0,2048,64,False,0.001,71.847739888977,72.79936558287073,71.55696537139836,10.907216494845361,0.0,final epoch (no validation set),synccaps_ucf101_resnet_ptfz_official1_noval_fc_B4_gram_seed19.pt,True,completed,0,73.3016124768702,73.35448057097541,73.03727200634417,11.08538197197991,3,0.0
ucf101_resnet_ptfz_official1_noval_fc__B4_gram,ucf101_resnet_ptfz_official1_noval_fc__B4_gram#synccaps_ucf101_resnet_ptfz_official1_noval_fc_B4_gram-CB_tsketch.json,configs/resnet18/ucf101_resnet_ptfz_official1_noval_fc__B4_gram.json,ucf101,resnet,B4_gram,resnet18,_official1_noval,101,0,2048,64,False,0.001,72.13851440655564,72.5614591593973,71.47766323024055,10.921490880253767,0.0,final epoch (no validation set),synccaps_ucf101_resnet_ptfz_official1_noval_fc_B4_gram_seed101.pt,True,completed,0,73.43378271213322,73.38091461802802,73.40734866508062,11.175522072429288,3,0.0
ucf101_resnet_ptfz_official1_noval_fc__B4_gram,ucf101_resnet_ptfz_official1_noval_fc__B4_gram#synccaps_ucf101_resnet_ptfz_official1_noval_fc_B4_gram-CB_tsketch.json,configs/resnet18/ucf101_resnet_ptfz_official1_noval_fc__B4_gram.json,ucf101,resnet,B4_gram,resnet18,_official1_noval,2026,0,2048,64,False,0.001,71.58339941845097,72.34998678297647,70.81681205392546,10.931007137192704,0.0,final epoch (no validation set),synccaps_ucf101_resnet_ptfz_official1_noval_fc_B4_gram_seed2026.pt,True,completed,0,73.32804652392281,73.09014010044937,72.72006344171292,11.143008194554586,3,0.0
ucf101_resnet_ptfz_official1_noval_fc__B4_gram,ucf101_resnet_ptfz_official1_noval_fc__B4_gram#synccaps_ucf101_resnet_ptfz_official1_noval_fc_B4_gram-CB_tsketch.json,configs/resnet18/ucf101_resnet_ptfz_official1_noval_fc__B4_gram.json,ucf101,resnet,B4_gram,resnet18,_official1_noval,5,0,2048,64,False,0.001,71.68913560666138,72.64076130055511,72.03277821834523,10.93127147766323,0.0,final epoch (no validation set),synccaps_ucf101_resnet_ptfz_official1_noval_fc_B4_gram_seed5.pt,True,completed,0,,,,,,
ucf101_resnet_ptfz_official1_noval_fc__B4_gram,ucf101_resnet_ptfz_official1_noval_fc__B4_gram#synccaps_ucf101_resnet_ptfz_official1_noval_fc_B4_gram-CB_tsketch.json,configs/resnet18/ucf101_resnet_ptfz_official1_noval_fc__B4_gram.json,ucf101,resnet,B4_gram,resnet18,_official1_noval,11,0,2048,64,False,0.001,72.13851440655564,72.64076130055511,71.50409727729316,10.962199312714777,0.0,final epoch (no validation set),synccaps_ucf101_resnet_ptfz_official1_noval_fc_B4_gram_seed11.pt,True,completed,0,,,,,,
ucf101_resnet_ptfz_official1_noval_fc__B4_gram,ucf101_resnet_ptfz_official1_noval_fc__B4_gram#synccaps_ucf101_resnet_ptfz_official1_noval_fc_B4_gram-CB_tsketch.json,configs/resnet18/ucf101_resnet_ptfz_official1_noval_fc__B4_gram.json,ucf101,resnet,B4_gram,resnet18,_official1_noval,23,0,2048,64,False,0.001,71.8741739360296,72.48215701823949,71.34549299497753,10.969865186360032,0.0,final epoch (no validation set),synccaps_ucf101_resnet_ptfz_official1_noval_fc_B4_gram_seed23.pt,True,completed,0,,,,,,
ucf101_resnet_ptfz_official1_noval_fc__CB_tsketch,ucf101_resnet_ptfz_official1_noval_fc__CB_tsketch#synccaps_ucf101_resnet_ptfz_official1_noval_fc_B4_gram-CB_tsketch.json,configs/resnet18/ucf101_resnet_ptfz_official1_noval_fc__CB_tsketch.json,ucf101,resnet,CB_tsketch,resnet18,_official1_noval,19,0,2048,64,False,0.001,71.34549299497753,71.8741739360296,70.68464181866244,10.314829500396511,0.0,final epoch (no validation set),synccaps_ucf101_resnet_ptfz_official1_noval_fc_CB_tsketch_seed19.pt,True,completed,0,72.77293153581813,73.03727200634417,72.5614591593973,10.537932857520486,3,0.0
ucf101_resnet_ptfz_official1_noval_fc__CB_tsketch,ucf101_resnet_ptfz_official1_noval_fc__CB_tsketch#synccaps_ucf101_resnet_ptfz_official1_noval_fc_B4_gram-CB_tsketch.json,configs/resnet18/ucf101_resnet_ptfz_official1_noval_fc__CB_tsketch.json,ucf101,resnet,CB_tsketch,resnet18,_official1_noval,101,0,2048,64,False,0.001,70.55247158339942,71.76843774781919,70.3409992069786,10.460745440126884,0.0,final epoch (no validation set),synccaps_ucf101_resnet_ptfz_official1_noval_fc_CB_tsketch_seed101.pt,True,completed,0,71.71556965371398,71.95347607718742,71.847739888977,10.73513084853291,3,0.0
ucf101_resnet_ptfz_official1_noval_fc__CB_tsketch,ucf101_resnet_ptfz_official1_noval_fc__CB_tsketch#synccaps_ucf101_resnet_ptfz_official1_noval_fc_B4_gram-CB_tsketch.json,configs/resnet18/ucf101_resnet_ptfz_official1_noval_fc__CB_tsketch.json,ucf101,resnet,CB_tsketch,resnet18,_official1_noval,2026,0,2048,64,False,0.001,70.81681205392546,72.08564631245044,70.68464181866244,10.516785619878403,0.0,final epoch (no validation set),synccaps_ucf101_resnet_ptfz_official1_noval_fc_CB_tsketch_seed2026.pt,True,completed,0,72.48215701823949,72.61432725350251,72.82579962992334,10.75654242664552,3,0.0
ucf101_resnet_ptfz_official1_noval_fc__CB_tsketch,ucf101_resnet_ptfz_official1_noval_fc__CB_tsketch#synccaps_ucf101_resnet_ptfz_official1_noval_fc_B4_gram-CB_tsketch.json,configs/resnet18/ucf101_resnet_ptfz_official1_noval_fc__CB_tsketch.json,ucf101,resnet,CB_tsketch,resnet18,_official1_noval,5,0,2048,64,False,0.001,70.57890563045203,71.29262490087233,70.07665873645254,10.338091461802803,0.0,final epoch (no validation set),synccaps_ucf101_resnet_ptfz_official1_noval_fc_CB_tsketch_seed5.pt,True,completed,0,,,,,,
ucf101_resnet_ptfz_official1_noval_fc__CB_tsketch,ucf101_resnet_ptfz_official1_noval_fc__CB_tsketch#synccaps_ucf101_resnet_ptfz_official1_noval_fc_B4_gram-CB_tsketch.json,configs/resnet18/ucf101_resnet_ptfz_official1_noval_fc__CB_tsketch.json,ucf101,resnet,CB_tsketch,resnet18,_official1_noval,11,0,2048,64,False,0.001,70.23526301876817,70.68464181866244,69.8123182659265,10.52498017446471,0.0,final epoch (no validation set),synccaps_ucf101_resnet_ptfz_official1_noval_fc_CB_tsketch_seed11.pt,True,completed,0,,,,,,
ucf101_resnet_ptfz_official1_noval_fc__CB_tsketch,ucf101_resnet_ptfz_official1_noval_fc__CB_tsketch#synccaps_ucf101_resnet_ptfz_official1_noval_fc_B4_gram-CB_tsketch.json,configs/resnet18/ucf101_resnet_ptfz_official1_noval_fc__CB_tsketch.json,ucf101,resnet,CB_tsketch,resnet18,_official1_noval,23,0,2048,64,False,0.001,69.57441184245307,70.18239492466296,69.7858842188739,10.354480570975417,0.0,final epoch (no validation set),synccaps_ucf101_resnet_ptfz_official1_noval_fc_CB_tsketch_seed23.pt,True,completed,0,,,,,,
ucf101_resnet_ptfz_official1_noval_fc__B4_syncnorm,ucf101_resnet_ptfz_official1_noval_fc__B4_syncnorm#synccaps_ucf101_resnet_ptfz_official1_noval_fc_B4_syncnorm.json,configs/resnet18/ucf101_resnet_ptfz_official1_noval_fc__B4_syncnorm.json,ucf101,resnet,B4_syncnorm,resnet18,_official1_noval,19,0,2048,64,False,0.001,71.45122918318795,71.18688871266191,71.23975680676712,10.986254295532646,0.0,final epoch (no validation set),synccaps_ucf101_resnet_ptfz_official1_noval_fc_B4_syncnorm_seed19.pt,True,completed,0,72.93153581813375,72.13851440655564,72.77293153581813,11.154903515728257,3,0.0
ucf101_resnet_ptfz_official1_noval_fc__B4_syncnorm,ucf101_resnet_ptfz_official1_noval_fc__B4_syncnorm#synccaps_ucf101_resnet_ptfz_official1_noval_fc_B4_syncnorm.json,configs/resnet18/ucf101_resnet_ptfz_official1_noval_fc__B4_syncnorm.json,ucf101,resnet,B4_syncnorm,resnet18,_official1_noval,101,0,2048,64,False,0.001,72.34998678297647,72.42928892413428,71.74200370076659,11.1340206185567,0.0,final epoch (no validation set),synccaps_ucf101_resnet_ptfz_official1_noval_fc_B4_syncnorm_seed101.pt,True,completed,0,73.11657414750198,72.77293153581813,73.35448057097541,11.2862807295797,3,0.0
ucf101_resnet_ptfz_official1_noval_fc__B4_syncnorm,ucf101_resnet_ptfz_official1_noval_fc__B4_syncnorm#synccaps_ucf101_resnet_ptfz_official1_noval_fc_B4_syncnorm.json,configs/resnet18/ucf101_resnet_ptfz_official1_noval_fc__B4_syncnorm.json,ucf101,resnet,B4_syncnorm,resnet18,_official1_noval,2026,0,2048,64,False,0.001,71.71556965371398,71.97991012424002,70.84324610097806,11.06000528680941,0.0,final epoch (no validation set),synccaps_ucf101_resnet_ptfz_official1_noval_fc_B4_syncnorm_seed2026.pt,True,completed,0,73.19587628865979,72.34998678297647,72.90510177108115,11.259846682527096,3,0.0
ucf101_resnet_ptfz_official1_noval_fc__R3_route,ucf101_resnet_ptfz_official1_noval_fc__R3_route#synccaps_ucf101_resnet_ptfz_official1_noval_fc_R3_route.json,configs/routing/ucf101_resnet_ptfz_official1_noval_fc__R3_route.json,ucf101,resnet,R3_route,routing,_official1_noval,42,0,2048,64,False,0.001,72.11208035950304,72.08564631245044,71.1075865715041,15.358710018503833,0.0,final epoch (no validation set),synccaps_ucf101_resnet_ptfz_official1_noval_fc_R3_route_seed42.pt,True,completed,0,72.72006344171292,72.69362939466032,72.40285487708168,15.389109172614328,3,0.0
ucf101_resnet_ptfz_official1_noval_fc__R3_route,ucf101_resnet_ptfz_official1_noval_fc__R3_route#synccaps_ucf101_resnet_ptfz_official1_noval_fc_R3_route.json,configs/routing/ucf101_resnet_ptfz_official1_noval_fc__R3_route.json,ucf101,resnet,R3_route,routing,_official1_noval,1337,0,2048,64,False,0.001,71.47766323024055,71.45122918318795,70.65820777160984,15.353158868622787,0.0,final epoch (no validation set),synccaps_ucf101_resnet_ptfz_official1_noval_fc_R3_route_seed1337.pt,True,completed,0,72.5878932064499,72.5614591593973,72.42928892413428,15.38831615120275,3,0.0
ucf101_resnet_ptfz_official1_noval_fc__R3_route,ucf101_resnet_ptfz_official1_noval_fc__R3_route#synccaps_ucf101_resnet_ptfz_official1_noval_fc_R3_route.json,configs/routing/ucf101_resnet_ptfz_official1_noval_fc__R3_route.json,ucf101,resnet,R3_route,routing,_official1_noval,7,0,2048,64,False,0.001,71.76843774781919,71.74200370076659,71.31905894792493,15.359238699444886,0.0,final epoch (no validation set),synccaps_ucf101_resnet_ptfz_official1_noval_fc_R3_route_seed7.pt,True,completed,0,73.03727200634417,73.01083795929156,72.93153581813375,15.388844832143802,3,0.0
ucf101_resnet_ptfz_official1_noval_fc__R3_route,ucf101_resnet_ptfz_official1_noval_fc__R3_route#synccaps_ucf101_resnet_ptfz_official1_noval_fc_R3_route.json,configs/routing/ucf101_resnet_ptfz_official1_noval_fc__R3_route.json,ucf101,resnet,R3_route,routing,_official1_noval,19,0,2048,64,False,0.001,71.60983346550357,71.63626751255617,70.73750991276765,15.361882104150146,0.0,final epoch (no validation set),synccaps_ucf101_resnet_ptfz_official1_noval_fc_R3_route_seed19.pt,True,completed,0,72.48215701823949,72.45572297118689,71.95347607718742,15.393338620142744,3,0.0
ucf101_resnet_ptfz_official1_noval_fc__R3_route,ucf101_resnet_ptfz_official1_noval_fc__R3_route#synccaps_ucf101_resnet_ptfz_official1_noval_fc_R3_route.json,configs/routing/ucf101_resnet_ptfz_official1_noval_fc__R3_route.json,ucf101,resnet,R3_route,routing,_official1_noval,101,0,2048,64,False,0.001,71.37192704203014,71.34549299497753,70.47316944224161,15.355802273328047,0.0,final epoch (no validation set),synccaps_ucf101_resnet_ptfz_official1_noval_fc_R3_route_seed101.pt,True,completed,0,71.95347607718742,71.92704203013481,72.03277821834523,15.388580491673276,3,0.0
ucf101_resnet_ptfz_official1_noval_fc__R3_route,ucf101_resnet_ptfz_official1_noval_fc__R3_route#synccaps_ucf101_resnet_ptfz_official1_noval_fc_R3_route.json,configs/routing/ucf101_resnet_ptfz_official1_noval_fc__R3_route.json,ucf101,resnet,R3_route,routing,_official1_noval,2026,0,2048,64,False,0.001,72.40285487708168,72.37642083002908,71.37192704203014,15.355273592386995,0.0,final epoch (no validation set),synccaps_ucf101_resnet_ptfz_official1_noval_fc_R3_route_seed2026.pt,True,completed,0,73.248744382765,73.2223103357124,73.11657414750198,15.385144065556437,3,0.0
ucf101_resnet_ptfz_official1_noval_fc_lr0.0005__B4_gram,ucf101_resnet_ptfz_official1_noval_fc_lr0.0005__B4_gram#synccaps_ucf101_resnet_ptfz_official1_noval_fc_lr0.0005_B4_gram.json,configs/resnet18/ucf101_resnet_ptfz_official1_noval_fc_lr0.0005__B4_gram.json,ucf101,resnet,B4_gram,resnet18,_official1_noval,42,0,2048,64,False,0.0005,71.18688871266191,72.40285487708168,70.97541633624108,10.923605604017975,0.0,final epoch (no validation set),synccaps_ucf101_resnet_ptfz_official1_noval_fc_lr0.0005_B4_gram_seed42.pt,True,completed,0,,,,,,
ucf101_resnet_ptfz_official1_noval_fc_lr0.0005__B4_gram,ucf101_resnet_ptfz_official1_noval_fc_lr0.0005__B4_gram#synccaps_ucf101_resnet_ptfz_official1_noval_fc_lr0.0005_B4_gram.json,configs/resnet18/ucf101_resnet_ptfz_official1_noval_fc_lr0.0005__B4_gram.json,ucf101,resnet,B4_gram,resnet18,_official1_noval,1337,0,2048,64,False,0.0005,71.7948717948718,72.16494845360825,70.89611419508327,10.982553528945282,0.0,final epoch (no validation set),synccaps_ucf101_resnet_ptfz_official1_noval_fc_lr0.0005_B4_gram_seed1337.pt,True,completed,0,,,,,,
ucf101_resnet_ptfz_official1_noval_fc_lr0.0005__B4_gram,ucf101_resnet_ptfz_official1_noval_fc_lr0.0005__B4_gram#synccaps_ucf101_resnet_ptfz_official1_noval_fc_lr0.0005_B4_gram.json,configs/resnet18/ucf101_resnet_ptfz_official1_noval_fc_lr0.0005__B4_gram.json,ucf101,resnet,B4_gram,resnet18,_official1_noval,7,0,2048,64,False,0.0005,71.53053132434576,72.00634417129262,70.92254824213587,10.941580756013746,0.0,final epoch (no validation set),synccaps_ucf101_resnet_ptfz_official1_noval_fc_lr0.0005_B4_gram_seed7.pt,True,completed,0,,,,,,
ucf101_resnet_ptfz_official1_noval_fc_lr0.0005__B4_syncnorm,ucf101_resnet_ptfz_official1_noval_fc_lr0.0005__B4_syncnorm#synccaps_ucf101_resnet_ptfz_official1_noval_fc_lr0.0005_B4_syncnorm-CB_tsketch.json,configs/resnet18/ucf101_resnet_ptfz_official1_noval_fc_lr0.0005__B4_syncnorm.json,ucf101,resnet,B4_syncnorm,resnet18,_official1_noval,42,0,2048,64,False,0.0005,71.66270155960878,72.16494845360825,71.16045466560931,11.100185038329368,0.0,final epoch (no validation set),synccaps_ucf101_resnet_ptfz_official1_noval_fc_lr0.0005_B4_syncnorm_seed42.pt,True,completed,0,,,,,,
ucf101_resnet_ptfz_official1_noval_fc_lr0.0005__B4_syncnorm,ucf101_resnet_ptfz_official1_noval_fc_lr0.0005__B4_syncnorm#synccaps_ucf101_resnet_ptfz_official1_noval_fc_lr0.0005_B4_syncnorm-CB_tsketch.json,configs/resnet18/ucf101_resnet_ptfz_official1_noval_fc_lr0.0005__B4_syncnorm.json,ucf101,resnet,B4_syncnorm,resnet18,_official1_noval,1337,0,2048,64,False,0.0005,71.0547184773989,71.68913560666138,70.89611419508327,11.056833201163098,0.0,final epoch (no validation set),synccaps_ucf101_resnet_ptfz_official1_noval_fc_lr0.0005_B4_syncnorm_seed1337.pt,True,completed,0,,,,,,
ucf101_resnet_ptfz_official1_noval_fc_lr0.0005__B4_syncnorm,ucf101_resnet_ptfz_official1_noval_fc_lr0.0005__B4_syncnorm#synccaps_ucf101_resnet_ptfz_official1_noval_fc_lr0.0005_B4_syncnorm-CB_tsketch.json,configs/resnet18/ucf101_resnet_ptfz_official1_noval_fc_lr0.0005__B4_syncnorm.json,ucf101,resnet,B4_syncnorm,resnet18,_official1_noval,7,0,2048,64,False,0.0005,71.23975680676712,71.71556965371398,71.21332275971452,11.065556436690457,0.0,final epoch (no validation set),synccaps_ucf101_resnet_ptfz_official1_noval_fc_lr0.0005_B4_syncnorm_seed7.pt,True,completed,0,,,,,,
ucf101_resnet_ptfz_official1_noval_fc_lr0.0005__CB_tsketch,ucf101_resnet_ptfz_official1_noval_fc_lr0.0005__CB_tsketch#synccaps_ucf101_resnet_ptfz_official1_noval_fc_lr0.0005_B4_syncnorm-CB_tsketch.json,configs/resnet18/ucf101_resnet_ptfz_official1_noval_fc_lr0.0005__CB_tsketch.json,ucf101,resnet,CB_tsketch,resnet18,_official1_noval,42,0,2048,64,False,0.0005,71.53053132434576,71.7948717948718,70.79037800687286,10.738038593708696,0.0,final epoch (no validation set),synccaps_ucf101_resnet_ptfz_official1_noval_fc_lr0.0005_CB_tsketch_seed42.pt,True,completed,0,,,,,,
ucf101_resnet_ptfz_official1_noval_fc_lr0.0005__CB_tsketch,ucf101_resnet_ptfz_official1_noval_fc_lr0.0005__CB_tsketch#synccaps_ucf101_resnet_ptfz_official1_noval_fc_lr0.0005_B4_syncnorm-CB_tsketch.json,configs/resnet18/ucf101_resnet_ptfz_official1_noval_fc_lr0.0005__CB_tsketch.json,ucf101,resnet,CB_tsketch,resnet18,_official1_noval,1337,0,2048,64,False,0.0005,70.86968014803067,71.53053132434576,70.44673539518901,10.796722178165478,0.0,final epoch (no validation set),synccaps_ucf101_resnet_ptfz_official1_noval_fc_lr0.0005_CB_tsketch_seed1337.pt,True,completed,0,,,,,,
ucf101_resnet_ptfz_official1_noval_fc_lr0.0005__CB_tsketch,ucf101_resnet_ptfz_official1_noval_fc_lr0.0005__CB_tsketch#synccaps_ucf101_resnet_ptfz_official1_noval_fc_lr0.0005_B4_syncnorm-CB_tsketch.json,configs/resnet18/ucf101_resnet_ptfz_official1_noval_fc_lr0.0005__CB_tsketch.json,ucf101,resnet,CB_tsketch,resnet18,_official1_noval,7,0,2048,64,False,0.0005,70.63177372455723,71.0811525244515,69.94448850118953,10.591858313507798,0.0,final epoch (no validation set),synccaps_ucf101_resnet_ptfz_official1_noval_fc_lr0.0005_CB_tsketch_seed7.pt,True,completed,0,,,,,,
ucf101_resnet_ptfz_official1_noval_fc_lr0.0005__R3_route,ucf101_resnet_ptfz_official1_noval_fc_lr0.0005__R3_route#synccaps_ucf101_resnet_ptfz_official1_noval_fc_lr0.0005_R3_route.json,configs/routing/ucf101_resnet_ptfz_official1_noval_fc_lr0.0005__R3_route.json,ucf101,resnet,R3_route,routing,_official1_noval,42,0,2048,64,False,0.0005,71.95347607718742,71.95347607718742,71.39836108908274,15.37430610626487,0.0,final epoch (no validation set),synccaps_ucf101_resnet_ptfz_official1_noval_fc_lr0.0005_R3_route_seed42.pt,True,completed,0,,,,,,
ucf101_resnet_ptfz_official1_noval_fc_lr0.0005__R3_route,ucf101_resnet_ptfz_official1_noval_fc_lr0.0005__R3_route#synccaps_ucf101_resnet_ptfz_official1_noval_fc_lr0.0005_R3_route.json,configs/routing/ucf101_resnet_ptfz_official1_noval_fc_lr0.0005__R3_route.json,ucf101,resnet,R3_route,routing,_official1_noval,1337,0,2048,64,False,0.0005,71.68913560666138,71.68913560666138,70.71107586571505,15.372720063441713,0.0,final epoch (no validation set),synccaps_ucf101_resnet_ptfz_official1_noval_fc_lr0.0005_R3_route_seed1337.pt,True,completed,0,,,,,,
ucf101_resnet_ptfz_official1_noval_fc_lr0.0005__R3_route,ucf101_resnet_ptfz_official1_noval_fc_lr0.0005__R3_route#synccaps_ucf101_resnet_ptfz_official1_noval_fc_lr0.0005_R3_route.json,configs/routing/ucf101_resnet_ptfz_official1_noval_fc_lr0.0005__R3_route.json,ucf101,resnet,R3_route,routing,_official1_noval,7,0,2048,64,False,0.0005,72.27068464181866,72.24425059476606,70.79037800687286,15.366375892149089,0.0,final epoch (no validation set),synccaps_ucf101_resnet_ptfz_official1_noval_fc_lr0.0005_R3_route_seed7.pt,True,completed,0,,,,,,
ucf101_resnet_ptfz_official1_noval_fc_nself0_xself__B4_gram,ucf101_resnet_ptfz_official1_noval_fc_nself0_xself__B4_gram#synccaps_ucf101_resnet_ptfz_official1_noval_fc_nself0_xself_B4_gram.json,configs/pair_composition/ucf101_resnet_ptfz_official1_noval_fc_nself0_xself__B4_gram.json,ucf101,resnet,B4_gram,pair_composition,_official1_noval,42,0,2048,0,True,0.001,71.34549299497753,72.11208035950304,71.26619085381972,10.942109436954798,0.0,final epoch (no validation set),synccaps_ucf101_resnet_ptfz_official1_noval_fc_nself0_xself_B4_gram_seed42.pt,True,completed,0,,,,,,
ucf101_resnet_ptfz_official1_noval_fc_nself0_xself__B4_gram,ucf101_resnet_ptfz_official1_noval_fc_nself0_xself__B4_gram#synccaps_ucf101_resnet_ptfz_official1_noval_fc_nself0_xself_B4_gram.json,configs/pair_composition/ucf101_resnet_ptfz_official1_noval_fc_nself0_xself__B4_gram.json,ucf101,resnet,B4_gram,pair_composition,_official1_noval,1337,0,2048,0,True,0.001,71.847739888977,72.5878932064499,70.79037800687286,10.95796986518636,0.0,final epoch (no validation set),synccaps_ucf101_resnet_ptfz_official1_noval_fc_nself0_xself_B4_gram_seed1337.pt,True,completed,0,,,,,,
ucf101_resnet_ptfz_official1_noval_fc_nself0_xself__B4_gram,ucf101_resnet_ptfz_official1_noval_fc_nself0_xself__B4_gram#synccaps_ucf101_resnet_ptfz_official1_noval_fc_nself0_xself_B4_gram.json,configs/pair_composition/ucf101_resnet_ptfz_official1_noval_fc_nself0_xself__B4_gram.json,ucf101,resnet,B4_gram,pair_composition,_official1_noval,7,0,2048,0,True,0.001,72.61432725350251,73.3016124768702,72.08564631245044,10.976209357652657,0.0,final epoch (no validation set),synccaps_ucf101_resnet_ptfz_official1_noval_fc_nself0_xself_B4_gram_seed7.pt,True,completed,0,,,,,,
ucf101_resnet_ptfz_official1_noval_fc_nself0_xself_pair1__B4_gram,ucf101_resnet_ptfz_official1_noval_fc_nself0_xself_pair1__B4_gram#synccaps_ucf101_resnet_ptfz_official1_noval_fc_nself0_xself_pair1_B4_gram.json,configs/pair_composition/ucf101_resnet_ptfz_official1_noval_fc_nself0_xself_pair1__B4_gram.json,ucf101,resnet,B4_gram,pair_composition,_official1_noval,42,1,2048,0,True,0.001,71.34549299497753,72.13851440655564,71.23975680676712,10.975416336241079,0.0,final epoch (no validation set),synccaps_ucf101_resnet_ptfz_official1_noval_fc_nself0_xself_pair1_B4_gram_seed42.pt,True,completed,0,,,,,,
ucf101_resnet_ptfz_official1_noval_fc_nself0_xself_pair1__B4_gram,ucf101_resnet_ptfz_official1_noval_fc_nself0_xself_pair1__B4_gram#synccaps_ucf101_resnet_ptfz_official1_noval_fc_nself0_xself_pair1_B4_gram.json,configs/pair_composition/ucf101_resnet_ptfz_official1_noval_fc_nself0_xself_pair1__B4_gram.json,ucf101,resnet,B4_gram,pair_composition,_official1_noval,1337,1,2048,0,True,0.001,71.39836108908274,72.08564631245044,70.97541633624108,11.030134813639968,0.0,final epoch (no validation set),synccaps_ucf101_resnet_ptfz_official1_noval_fc_nself0_xself_pair1_B4_gram_seed1337.pt,True,completed,0,,,,,,
ucf101_resnet_ptfz_official1_noval_fc_nself0_xself_pair1__B4_gram,ucf101_resnet_ptfz_official1_noval_fc_nself0_xself_pair1__B4_gram#synccaps_ucf101_resnet_ptfz_official1_noval_fc_nself0_xself_pair1_B4_gram.json,configs/pair_composition/ucf101_resnet_ptfz_official1_noval_fc_nself0_xself_pair1__B4_gram.json,ucf101,resnet,B4_gram,pair_composition,_official1_noval,7,1,2048,0,True,0.001,71.7948717948718,72.40285487708168,71.37192704203014,10.994184509648427,0.0,final epoch (no validation set),synccaps_ucf101_resnet_ptfz_official1_noval_fc_nself0_xself_pair1_B4_gram_seed7.pt,True,completed,0,,,,,,
ucf101_resnet_ptfz_official1_noval_fc_nself0_xself_pair2__B4_gram,ucf101_resnet_ptfz_official1_noval_fc_nself0_xself_pair2__B4_gram#synccaps_ucf101_resnet_ptfz_official1_noval_fc_nself0_xself_pair2_B4_gram.json,configs/pair_composition/ucf101_resnet_ptfz_official1_noval_fc_nself0_xself_pair2__B4_gram.json,ucf101,resnet,B4_gram,pair_composition,_official1_noval,42,2,2048,0,True,0.001,71.0547184773989,71.90060798308221,70.94898228918848,11.021940259053661,0.0,final epoch (no validation set),synccaps_ucf101_resnet_ptfz_official1_noval_fc_nself0_xself_pair2_B4_gram_seed42.pt,True,completed,0,,,,,,
ucf101_resnet_ptfz_official1_noval_fc_nself0_xself_pair2__B4_gram,ucf101_resnet_ptfz_official1_noval_fc_nself0_xself_pair2__B4_gram#synccaps_ucf101_resnet_ptfz_official1_noval_fc_nself0_xself_pair2_B4_gram.json,configs/pair_composition/ucf101_resnet_ptfz_official1_noval_fc_nself0_xself_pair2__B4_gram.json,ucf101,resnet,B4_gram,pair_composition,_official1_noval,1337,2,2048,0,True,0.001,71.92704203013481,72.82579962992334,71.55696537139836,11.04335183716627,0.0,final epoch (no validation set),synccaps_ucf101_resnet_ptfz_official1_noval_fc_nself0_xself_pair2_B4_gram_seed1337.pt,True,completed,0,,,,,,
ucf101_resnet_ptfz_official1_noval_fc_nself0_xself_pair2__B4_gram,ucf101_resnet_ptfz_official1_noval_fc_nself0_xself_pair2__B4_gram#synccaps_ucf101_resnet_ptfz_official1_noval_fc_nself0_xself_pair2_B4_gram.json,configs/pair_composition/ucf101_resnet_ptfz_official1_noval_fc_nself0_xself_pair2__B4_gram.json,ucf101,resnet,B4_gram,pair_composition,_official1_noval,7,2,2048,0,True,0.001,72.03277821834523,72.79936558287073,71.76843774781919,10.972244250594766,0.0,final epoch (no validation set),synccaps_ucf101_resnet_ptfz_official1_noval_fc_nself0_xself_pair2_B4_gram_seed7.pt,True,completed,0,,,,,,
ucf101_resnet_ptfz_official1_noval_fc_nself0_xself_pair3__B4_gram,ucf101_resnet_ptfz_official1_noval_fc_nself0_xself_pair3__B4_gram#synccaps_ucf101_resnet_ptfz_official1_noval_fc_nself0_xself_pair3_B4_gram.json,configs/pair_composition/ucf101_resnet_ptfz_official1_noval_fc_nself0_xself_pair3__B4_gram.json,ucf101,resnet,B4_gram,pair_composition,_official1_noval,42,3,2048,0,True,0.001,71.68913560666138,72.5085910652921,70.94898228918848,10.97330161247687,0.0,final epoch (no validation set),synccaps_ucf101_resnet_ptfz_official1_noval_fc_nself0_xself_pair3_B4_gram_seed42.pt,True,completed,0,,,,,,
ucf101_resnet_ptfz_official1_noval_fc_nself0_xself_pair3__B4_gram,ucf101_resnet_ptfz_official1_noval_fc_nself0_xself_pair3__B4_gram#synccaps_ucf101_resnet_ptfz_official1_noval_fc_nself0_xself_pair3_B4_gram.json,configs/pair_composition/ucf101_resnet_ptfz_official1_noval_fc_nself0_xself_pair3__B4_gram.json,ucf101,resnet,B4_gram,pair_composition,_official1_noval,1337,3,2048,0,True,0.001,71.7948717948718,72.64076130055511,71.29262490087233,11.036743325403119,0.0,final epoch (no validation set),synccaps_ucf101_resnet_ptfz_official1_noval_fc_nself0_xself_pair3_B4_gram_seed1337.pt,True,completed,0,,,,,,
ucf101_resnet_ptfz_official1_noval_fc_nself0_xself_pair3__B4_gram,ucf101_resnet_ptfz_official1_noval_fc_nself0_xself_pair3__B4_gram#synccaps_ucf101_resnet_ptfz_official1_noval_fc_nself0_xself_pair3_B4_gram.json,configs/pair_composition/ucf101_resnet_ptfz_official1_noval_fc_nself0_xself_pair3__B4_gram.json,ucf101,resnet,B4_gram,pair_composition,_official1_noval,7,3,2048,0,True,0.001,71.95347607718742,72.5350251123447,71.63626751255617,11.005551149881047,0.0,final epoch (no validation set),synccaps_ucf101_resnet_ptfz_official1_noval_fc_nself0_xself_pair3_B4_gram_seed7.pt,True,completed,0,,,,,,
ucf101_resnet_ptfz_official1_noval_fc_nself2048__B4_gram,ucf101_resnet_ptfz_official1_noval_fc_nself2048__B4_gram#synccaps_ucf101_resnet_ptfz_official1_noval_fc_nself2048_B4_gram.json,configs/pair_composition/ucf101_resnet_ptfz_official1_noval_fc_nself2048__B4_gram.json,ucf101,resnet,B4_gram,pair_composition,_official1_noval,42,0,2048,2048,False,0.001,68.19984139571768,69.0192968543484,68.62278614855934,12.550621200105736,0.0,final epoch (no validation set),synccaps_ucf101_resnet_ptfz_official1_noval_fc_nself2048_B4_gram_seed42.pt,True,completed,0,,,,,,
ucf101_resnet_ptfz_official1_noval_fc_nself2048__B4_gram,ucf101_resnet_ptfz_official1_noval_fc_nself2048__B4_gram#synccaps_ucf101_resnet_ptfz_official1_noval_fc_nself2048_B4_gram.json,configs/pair_composition/ucf101_resnet_ptfz_official1_noval_fc_nself2048__B4_gram.json,ucf101,resnet,B4_gram,pair_composition,_official1_noval,1337,0,2048,2048,False,0.001,68.72852233676976,69.86518636003171,69.49510970129526,12.539518900343642,0.0,final epoch (no validation set),synccaps_ucf101_resnet_ptfz_official1_noval_fc_nself2048_B4_gram_seed1337.pt,True,completed,0,,,,,,
ucf101_resnet_ptfz_official1_noval_fc_nself2048__B4_gram,ucf101_resnet_ptfz_official1_noval_fc_nself2048__B4_gram#synccaps_ucf101_resnet_ptfz_official1_noval_fc_nself2048_B4_gram.json,configs/pair_composition/ucf101_resnet_ptfz_official1_noval_fc_nself2048__B4_gram.json,ucf101,resnet,B4_gram,pair_composition,_official1_noval,7,0,2048,2048,False,0.001,68.56991805445413,69.57441184245307,68.96642876024319,12.530002643404705,0.0,final epoch (no validation set),synccaps_ucf101_resnet_ptfz_official1_noval_fc_nself2048_B4_gram_seed7.pt,True,completed,0,,,,,,
ucf101_resnet_ptfz_official1_noval_fc_nself2048_pair1__B4_gram,ucf101_resnet_ptfz_official1_noval_fc_nself2048_pair1__B4_gram#synccaps_ucf101_resnet_ptfz_official1_noval_fc_nself2048_pair1_B4_gram.json,configs/pair_composition/ucf101_resnet_ptfz_official1_noval_fc_nself2048_pair1__B4_gram.json,ucf101,resnet,B4_gram,pair_composition,_official1_noval,42,1,2048,2048,False,0.001,69.0192968543484,70.12952683055775,69.49510970129526,12.610890827385672,0.0,final epoch (no validation set),synccaps_ucf101_resnet_ptfz_official1_noval_fc_nself2048_pair1_B4_gram_seed42.pt,True,completed,0,,,,,,
ucf101_resnet_ptfz_official1_noval_fc_nself2048_pair1__B4_gram,ucf101_resnet_ptfz_official1_noval_fc_nself2048_pair1__B4_gram#synccaps_ucf101_resnet_ptfz_official1_noval_fc_nself2048_pair1_B4_gram.json,configs/pair_composition/ucf101_resnet_ptfz_official1_noval_fc_nself2048_pair1__B4_gram.json,ucf101,resnet,B4_gram,pair_composition,_official1_noval,1337,1,2048,2048,False,0.001,68.3055775839281,69.7330161247687,69.25720327782183,12.546920433518371,0.0,final epoch (no validation set),synccaps_ucf101_resnet_ptfz_official1_noval_fc_nself2048_pair1_B4_gram_seed1337.pt,True,completed,0,,,,,,
ucf101_resnet_ptfz_official1_noval_fc_nself2048_pair1__B4_gram,ucf101_resnet_ptfz_official1_noval_fc_nself2048_pair1__B4_gram#synccaps_ucf101_resnet_ptfz_official1_noval_fc_nself2048_pair1_B4_gram.json,configs/pair_composition/ucf101_resnet_ptfz_official1_noval_fc_nself2048_pair1__B4_gram.json,ucf101,resnet,B4_gram,pair_composition,_official1_noval,7,1,2048,2048,False,0.001,68.80782447792757,69.83875231297911,69.49510970129526,12.598731165741475,0.0,final epoch (no validation set),synccaps_ucf101_resnet_ptfz_official1_noval_fc_nself2048_pair1_B4_gram_seed7.pt,True,completed,0,,,,,,
ucf101_resnet_ptfz_official1_noval_fc_nself2048_pair2__B4_gram,ucf101_resnet_ptfz_official1_noval_fc_nself2048_pair2__B4_gram#synccaps_ucf101_resnet_ptfz_official1_noval_fc_nself2048_pair2_B4_gram.json,configs/pair_composition/ucf101_resnet_ptfz_official1_noval_fc_nself2048_pair2__B4_gram.json,ucf101,resnet,B4_gram,pair_composition,_official1_noval,42,2,2048,2048,False,0.001,68.25270948982289,68.93999471319059,68.75495638382236,12.485593444356331,0.0,final epoch (no validation set),synccaps_ucf101_resnet_ptfz_official1_noval_fc_nself2048_pair2_B4_gram_seed42.pt,True,completed,0,,,,,,
ucf101_resnet_ptfz_official1_noval_fc_nself2048_pair2__B4_gram,ucf101_resnet_ptfz_official1_noval_fc_nself2048_pair2__B4_gram#synccaps_ucf101_resnet_ptfz_official1_noval_fc_nself2048_pair2_B4_gram.json,configs/pair_composition/ucf101_resnet_ptfz_official1_noval_fc_nself2048_pair2__B4_gram.json,ucf101,resnet,B4_gram,pair_composition,_official1_noval,1337,2,2048,2048,False,0.001,68.19984139571768,69.15146708961142,69.045730901401,12.561194818926777,0.0,final epoch (no validation set),synccaps_ucf101_resnet_ptfz_official1_noval_fc_nself2048_pair2_B4_gram_seed1337.pt,True,completed,0,,,,,,
ucf101_resnet_ptfz_official1_noval_fc_nself2048_pair2__B4_gram,ucf101_resnet_ptfz_official1_noval_fc_nself2048_pair2__B4_gram#synccaps_ucf101_resnet_ptfz_official1_noval_fc_nself2048_pair2_B4_gram.json,configs/pair_composition/ucf101_resnet_ptfz_official1_noval_fc_nself2048_pair2__B4_gram.json,ucf101,resnet,B4_gram,pair_composition,_official1_noval,7,2,2048,2048,False,0.001,68.51704996034893,69.46867565424266,69.65371398361088,12.713983610890827,0.0,final epoch (no validation set),synccaps_ucf101_resnet_ptfz_official1_noval_fc_nself2048_pair2_B4_gram_seed7.pt,True,completed,0,,,,,,
ucf101_resnet_ptfz_official1_noval_fc_nself2048_pair3__B4_gram,ucf101_resnet_ptfz_official1_noval_fc_nself2048_pair3__B4_gram#synccaps_ucf101_resnet_ptfz_official1_noval_fc_nself2048_pair3_B4_gram.json,configs/pair_composition/ucf101_resnet_ptfz_official1_noval_fc_nself2048_pair3__B4_gram.json,ucf101,resnet,B4_gram,pair_composition,_official1_noval,42,3,2048,2048,False,0.001,67.98836901929685,69.52154374834787,68.64922019561195,12.653449643140364,0.0,final epoch (no validation set),synccaps_ucf101_resnet_ptfz_official1_noval_fc_nself2048_pair3_B4_gram_seed42.pt,True,completed,0,,,,,,
ucf101_resnet_ptfz_official1_noval_fc_nself2048_pair3__B4_gram,ucf101_resnet_ptfz_official1_noval_fc_nself2048_pair3__B4_gram#synccaps_ucf101_resnet_ptfz_official1_noval_fc_nself2048_pair3_B4_gram.json,configs/pair_composition/ucf101_resnet_ptfz_official1_noval_fc_nself2048_pair3__B4_gram.json,ucf101,resnet,B4_gram,pair_composition,_official1_noval,1337,3,2048,2048,False,0.001,68.88712661908538,70.52603753634682,70.12952683055775,12.471583399418451,0.0,final epoch (no validation set),synccaps_ucf101_resnet_ptfz_official1_noval_fc_nself2048_pair3_B4_gram_seed1337.pt,True,completed,0,,,,,,
ucf101_resnet_ptfz_official1_noval_fc_nself2048_pair3__B4_gram,ucf101_resnet_ptfz_official1_noval_fc_nself2048_pair3__B4_gram#synccaps_ucf101_resnet_ptfz_official1_noval_fc_nself2048_pair3_B4_gram.json,configs/pair_composition/ucf101_resnet_ptfz_official1_noval_fc_nself2048_pair3__B4_gram.json,ucf101,resnet,B4_gram,pair_composition,_official1_noval,7,3,2048,2048,False,0.001,69.31007137192704,70.79037800687286,70.20882897171556,12.484800422944753,0.0,final epoch (no validation set),synccaps_ucf101_resnet_ptfz_official1_noval_fc_nself2048_pair3_B4_gram_seed7.pt,True,completed,0,,,,,,
ucf101_resnet_ptfz_official1_noval_fc_pair1__B4_gram,ucf101_resnet_ptfz_official1_noval_fc_pair1__B4_gram#synccaps_ucf101_resnet_ptfz_official1_noval_fc_pair1_B4_gram.json,configs/pair_composition/ucf101_resnet_ptfz_official1_noval_fc_pair1__B4_gram.json,ucf101,resnet,B4_gram,pair_composition,_official1_noval,42,1,2048,64,False,0.001,72.05921226539783,72.61432725350251,71.39836108908274,10.913560666137986,0.0,final epoch (no validation set),synccaps_ucf101_resnet_ptfz_official1_noval_fc_pair1_B4_gram_seed42.pt,True,completed,0,,,,,,
ucf101_resnet_ptfz_official1_noval_fc_pair1__B4_gram,ucf101_resnet_ptfz_official1_noval_fc_pair1__B4_gram#synccaps_ucf101_resnet_ptfz_official1_noval_fc_pair1_B4_gram.json,configs/pair_composition/ucf101_resnet_ptfz_official1_noval_fc_pair1__B4_gram.json,ucf101,resnet,B4_gram,pair_composition,_official1_noval,1337,1,2048,64,False,0.001,71.60983346550357,72.64076130055511,71.76843774781919,10.968543484007402,0.0,final epoch (no validation set),synccaps_ucf101_resnet_ptfz_official1_noval_fc_pair1_B4_gram_seed1337.pt,True,completed,0,,,,,,
ucf101_resnet_ptfz_official1_noval_fc_pair1__B4_gram,ucf101_resnet_ptfz_official1_noval_fc_pair1__B4_gram#synccaps_ucf101_resnet_ptfz_official1_noval_fc_pair1_B4_gram.json,configs/pair_composition/ucf101_resnet_ptfz_official1_noval_fc_pair1__B4_gram.json,ucf101,resnet,B4_gram,pair_composition,_official1_noval,7,1,2048,64,False,0.001,71.68913560666138,72.11208035950304,70.73750991276765,10.923869944488501,0.0,final epoch (no validation set),synccaps_ucf101_resnet_ptfz_official1_noval_fc_pair1_B4_gram_seed7.pt,True,completed,0,,,,,,
ucf101_resnet_ptfz_official1_noval_fc_pair2__B4_gram,ucf101_resnet_ptfz_official1_noval_fc_pair2__B4_gram#synccaps_ucf101_resnet_ptfz_official1_noval_fc_pair2_B4_gram.json,configs/pair_composition/ucf101_resnet_ptfz_official1_noval_fc_pair2__B4_gram.json,ucf101,resnet,B4_gram,pair_composition,_official1_noval,42,2,2048,64,False,0.001,71.63626751255617,71.92704203013481,70.76394395982025,11.009516256938937,0.0,final epoch (no validation set),synccaps_ucf101_resnet_ptfz_official1_noval_fc_pair2_B4_gram_seed42.pt,True,completed,0,,,,,,
ucf101_resnet_ptfz_official1_noval_fc_pair2__B4_gram,ucf101_resnet_ptfz_official1_noval_fc_pair2__B4_gram#synccaps_ucf101_resnet_ptfz_official1_noval_fc_pair2_B4_gram.json,configs/pair_composition/ucf101_resnet_ptfz_official1_noval_fc_pair2__B4_gram.json,ucf101,resnet,B4_gram,pair_composition,_official1_noval,1337,2,2048,64,False,0.001,71.8741739360296,72.13851440655564,70.81681205392546,10.98334655035686,0.0,final epoch (no validation set),synccaps_ucf101_resnet_ptfz_official1_noval_fc_pair2_B4_gram_seed1337.pt,True,completed,0,,,,,,
ucf101_resnet_ptfz_official1_noval_fc_pair2__B4_gram,ucf101_resnet_ptfz_official1_noval_fc_pair2__B4_gram#synccaps_ucf101_resnet_ptfz_official1_noval_fc_pair2_B4_gram.json,configs/pair_composition/ucf101_resnet_ptfz_official1_noval_fc_pair2__B4_gram.json,ucf101,resnet,B4_gram,pair_composition,_official1_noval,7,2,2048,64,False,0.001,71.8741739360296,72.74649748876553,71.45122918318795,11.042294475284166,0.0,final epoch (no validation set),synccaps_ucf101_resnet_ptfz_official1_noval_fc_pair2_B4_gram_seed7.pt,True,completed,0,,,,,,
ucf101_resnet_ptfz_official1_noval_fc_pair3__B4_gram,ucf101_resnet_ptfz_official1_noval_fc_pair3__B4_gram#synccaps_ucf101_resnet_ptfz_official1_noval_fc_pair3_B4_gram.json,configs/pair_composition/ucf101_resnet_ptfz_official1_noval_fc_pair3__B4_gram.json,ucf101,resnet,B4_gram,pair_composition,_official1_noval,42,3,2048,64,False,0.001,71.92704203013481,72.37642083002908,71.26619085381972,11.023790642347343,0.0,final epoch (no validation set),synccaps_ucf101_resnet_ptfz_official1_noval_fc_pair3_B4_gram_seed42.pt,True,completed,0,,,,,,
ucf101_resnet_ptfz_official1_noval_fc_pair3__B4_gram,ucf101_resnet_ptfz_official1_noval_fc_pair3__B4_gram#synccaps_ucf101_resnet_ptfz_official1_noval_fc_pair3_B4_gram.json,configs/pair_composition/ucf101_resnet_ptfz_official1_noval_fc_pair3__B4_gram.json,ucf101,resnet,B4_gram,pair_composition,_official1_noval,1337,3,2048,64,False,0.001,71.26619085381972,72.08564631245044,70.89611419508327,10.984932593180016,0.0,final epoch (no validation set),synccaps_ucf101_resnet_ptfz_official1_noval_fc_pair3_B4_gram_seed1337.pt,True,completed,0,,,,,,
ucf101_resnet_ptfz_official1_noval_fc_pair3__B4_gram,ucf101_resnet_ptfz_official1_noval_fc_pair3__B4_gram#synccaps_ucf101_resnet_ptfz_official1_noval_fc_pair3_B4_gram.json,configs/pair_composition/ucf101_resnet_ptfz_official1_noval_fc_pair3__B4_gram.json,ucf101,resnet,B4_gram,pair_composition,_official1_noval,7,3,2048,64,False,0.001,71.68913560666138,71.90060798308221,71.26619085381972,10.990483743061063,0.0,final epoch (no validation set),synccaps_ucf101_resnet_ptfz_official1_noval_fc_pair3_B4_gram_seed7.pt,True,completed,0,,,,,,
